stem,split
003771,train
006672,train
007261,train
000760,train
003779,train
001772,train
007509,train
002679,train
002305,train
009215,train
003625,train
004236,train
009005,train
005924,train
003093,train
007590,train
004736,train
004366,train
004056,train
004178,train
001287,train
008343,train
004623,train
002066,train
009099,train
005950,train
001547,train
007599,train
000313,train
008321,train
003916,train
005943,train
003162,train
002010,train
007296,train
004163,train
008426,train
004080,train
004026,train
002345,train
000324,train
002733,train
000704,train
005877,train
007875,train
001651,train
000585,train
004625,train
003939,train
001603,train
005581,train
005459,train
004165,train
007796,train
005112,train
006700,train
004531,train
009223,train
001241,train
005250,train
005045,train
000147,train
002263,train
005451,train
005346,train
004259,train
005360,train
001721,train
003229,train
008478,train
008262,train
003462,train
009136,train
001995,train
003286,train
003463,train
008498,train
007617,train
007675,train
006028,train
007190,train
008589,train
005136,train
004958,train
007093,train
003035,train
006293,train
006488,train
001185,train
000516,train
004749,train
001062,train
002919,train
001400,train
008487,train
008310,train
003002,train
005002,train
003205,train
005880,train
007142,train
005857,train
006401,train
004172,train
002059,train
005616,train
006296,train
008168,train
006602,train
005069,train
000526,train
000143,train
009709,train
004343,train
000709,train
000477,train
006080,train
002966,train
005471,train
003015,train
006742,train
006231,train
007457,train
008858,train
003327,train
006975,train
000640,train
001161,train
006378,train
006245,train
008493,train
000959,train
006383,train
004447,train
003640,train
000281,train
006944,train
009318,train
004423,train
007983,train
001243,train
003535,train
003422,train
004909,train
009247,train
006656,train
004025,train
006289,train
007896,train
004443,train
003859,train
004933,train
005034,train
002745,train
000361,train
009529,train
007871,train
007294,train
009474,train
007005,train
009804,train
005444,train
000169,train
000082,train
009696,train
000572,train
004908,train
003914,train
006190,train
007035,train
008076,train
007960,train
009472,train
009871,train
000383,train
004179,train
007591,train
002464,train
008999,train
007783,train
003206,train
003452,train
000418,train
002071,train
004037,train
004145,train
004630,train
007165,train
009961,train
005123,train
000574,train
008120,train
002668,train
006671,train
005018,train
008737,train
001534,train
003317,train
008068,train
008228,train
007475,train
006285,train
002738,train
005114,train
004238,train
001890,train
004108,train
008665,train
005833,train
004750,train
005865,train
007620,train
001394,train
009723,train
003285,train
002401,train
007924,train
003528,train
007098,train
001430,train
003574,train
007064,train
007225,train
008105,train
006346,train
008245,train
000955,train
007544,train
007224,train
008503,train
003399,train
004538,train
006606,train
006876,train
006090,train
006461,train
003341,train
006711,train
004927,train
000871,train
000004,train
003305,train
001142,train
003360,train
009679,train
007254,train
000007,train
008813,train
007926,train
006033,train
007918,train
009311,train
002971,train
004760,train
006574,train
009332,train
001553,train
004881,train
009108,train
009454,train
008069,train
001284,train
009277,train
007536,train
003736,train
005407,train
004860,train
000389,train
002394,train
002518,train
006585,train
001472,train
001001,train
002734,train
009877,train
009001,train
000913,train
005466,train
007384,train
002598,train
007637,train
009150,train
007124,train
001360,train
009468,train
008195,train
002781,train
002328,train
001672,train
007304,train
000835,train
009208,train
004684,train
009475,train
001728,train
006510,train
008799,train
002678,train
009613,train
001621,train
006219,train
001915,train
000343,train
000388,train
004273,train
004878,train
002303,train
007883,train
000227,train
001252,train
006485,train
008496,train
007716,train
005631,train
004620,train
009671,train
000405,train
004624,train
003186,train
004362,train
002602,train
006496,train
005879,train
004877,train
004283,train
002074,train
008789,train
001495,train
007909,train
004122,train
006084,train
000063,train
003079,train
006787,train
001177,train
001253,train
003311,train
000012,train
008746,train
000544,train
002161,train
005328,train
001903,train
005484,train
000276,train
002666,train
000735,train
003668,train
000198,train
004548,train
001870,train
004393,train
008315,train
007765,train
002435,train
006716,train
000766,train
000915,train
001038,train
000235,train
008100,train
000428,train
000070,train
001977,train
006276,train
004354,train
003127,train
001175,train
005578,train
007751,train
004426,train
000678,train
002542,train
008978,train
009762,train
007823,train
006493,train
004269,train
001460,train
005181,train
001028,train
007959,train
009371,train
001936,train
000802,train
006539,train
004260,train
004146,train
001634,train
004217,train
000557,train
004610,train
000930,train
007563,train
009894,train
005801,train
002559,train
007334,train
001677,train
002544,train
004297,train
008815,train
005982,train
000292,train
004302,train
004263,train
008420,train
006271,train
003762,train
001649,train
007310,train
002859,train
000966,train
006901,train
007703,train
004972,train
009558,train
002130,train
001549,train
001570,train
002393,train
001481,train
003358,train
006238,train
002756,train
004044,train
007686,train
006416,train
004464,train
002025,train
000847,train
003370,train
008134,train
007286,train
008931,train
003529,train
004207,train
001590,train
005271,train
009657,train
001417,train
005803,train
007678,train
001352,train
008319,train
007232,train
005436,train
005867,train
007850,train
003248,train
009104,train
004809,train
001757,train
000109,train
007598,train
005607,train
002193,train
008646,train
008001,train
000855,train
000899,train
006853,train
008583,train
002517,train
000364,train
002402,train
009486,train
007031,train
007747,train
005504,train
007821,train
001183,train
001309,train
004798,train
004008,train
007928,train
002893,train
000509,train
001136,train
001854,train
009554,train
007766,train
002982,train
002488,train
008217,train
009750,train
002773,train
002729,train
003128,train
003066,train
002005,train
002999,train
009860,train
000860,train
004084,train
004266,train
005243,train
005356,train
000457,train
003567,train
006247,train
001589,train
003865,train
007197,train
005653,train
000666,train
002092,train
009775,train
004076,train
000917,train
003513,train
009414,train
001914,train
003747,train
009831,train
009667,train
005480,train
003379,train
006463,train
004321,train
005102,train
001639,train
004275,train
006718,train
000768,train
002469,train
002789,train
007595,train
006359,train
007588,train
006047,train
003822,train
004903,train
009949,train
008552,train
002889,train
003081,train
000682,train
003053,train
004998,train
003188,train
000797,train
001690,train
004495,train
003095,train
003784,train
000687,train
000918,train
006121,train
009376,train
006954,train
000286,train
002213,train
008075,train
008244,train
008439,train
009046,train
002446,train
009735,train
004418,train
006030,train
007076,train
002539,train
003276,train
008917,train
005125,train
005011,train
000411,train
005320,train
003047,train
009943,train
004907,train
003512,train
007790,train
008471,train
000453,train
003720,train
000615,train
005301,train
000469,train
006857,train
001505,train
005475,train
003336,train
008945,train
006262,train
005791,train
002740,train
009720,train
007200,train
007125,train
004882,train
006922,train
009730,train
008389,train
000517,train
007949,train
001157,train
002604,train
005141,train
007082,train
002731,train
006765,train
009406,train
009623,train
004964,train
008826,train
004409,train
005341,train
002688,train
001021,train
003506,train
007094,train
004079,train
000680,train
009316,train
003316,train
008241,train
009862,train
003493,train
001073,train
004580,train
002839,train
005066,train
002960,train
001295,train
004582,train
002106,train
003561,train
000051,train
005132,train
006564,train
000527,train
003713,train
003117,train
007695,train
006830,train
001596,train
005492,train
005048,train
003401,train
006153,train
001072,train
003096,train
002407,train
000632,train
007307,train
004289,train
009118,train
004330,train
000032,train
008365,train
002829,train
003597,train
006101,train
003451,train
007631,train
000809,train
001550,train
001712,train
007715,train
009651,train
008324,train
006112,train
002375,train
005506,train
000503,train
001520,train
008144,train
009259,train
003293,train
005996,train
002396,train
002054,train
007725,train
000212,train
004883,train
002787,train
008299,train
003769,train
000668,train
006088,train
003836,train
009965,train
006705,train
001516,train
007121,train
003481,train
009353,train
005744,train
001510,train
007445,train
007023,train
000448,train
002739,train
009899,train
009422,train
007556,train
005668,train
004229,train
004091,train
005784,train
003397,train
000661,train
007834,train
003808,train
007530,train
009360,train
003487,train
003936,train
000914,train
002998,train
006582,train
003177,train
003436,train
004055,train
000019,train
004626,train
003004,train
008021,train
009557,train
008132,train
004817,train
007626,train
001659,train
002079,train
007662,train
003222,train
000037,train
001710,train
001909,train
008293,train
004310,train
009818,train
003055,train
005160,train
003570,train
004968,train
000105,train
001027,train
008157,train
009212,train
004967,train
007726,train
001581,train
005162,train
003992,train
002869,train
003156,train
002246,train
005340,train
002491,train
008735,train
006386,train
008722,train
000170,train
000806,train
009919,train
003197,train
006635,train
007824,train
000896,train
006160,train
001738,train
007849,train
003418,train
009313,train
004034,train
003877,train
002081,train
000148,train
004512,train
001447,train
002321,train
009555,train
000192,train
002309,train
003783,train
002775,train
001537,train
005201,train
004900,train
004556,train
000089,train
002674,train
008243,train
005816,train
003797,train
000813,train
008162,train
006899,train
005118,train
006456,train
005389,train
004314,train
008208,train
002581,train
005853,train
009565,train
003965,train
003829,train
004166,train
004124,train
005156,train
006743,train
001967,train
002478,train
004024,train
000988,train
002354,train
000547,train
002297,train
001005,train
005282,train
008093,train
008235,train
009660,train
000080,train
004301,train
000983,train
002242,train
009205,train
005202,train
004101,train
004912,train
007468,train
009878,train
003014,train
004761,train
001733,train
007479,train
004107,train
004281,train
005073,train
009665,train
002643,train
003198,train
002400,train
008468,train
008648,train
000473,train
006727,train
000758,train
000116,train
007476,train
005402,train
004202,train
008210,train
004838,train
000260,train
000363,train
002169,train
005307,train
006151,train
002743,train
000676,train
007130,train
005501,train
003028,train
008209,train
003477,train
000110,train
004143,train
009328,train
002429,train
008489,train
004592,train
007447,train
007623,train
004887,train
005398,train
009085,train
004001,train
000877,train
001781,train
009653,train
005455,train
007885,train
004120,train
001648,train
000081,train
008232,train
006025,train
007818,train
000085,train
008652,train
003905,train
004615,train
007557,train
004574,train
004203,train
003153,train
004662,train
008700,train
005251,train
004819,train
003038,train
003340,train
001333,train
004884,train
005218,train
005945,train
003840,train
001699,train
000190,train
007148,train
000377,train
007092,train
005544,train
002720,train
007211,train
009627,train
001345,train
007387,train
009004,train
001282,train
002179,train
009236,train
007002,train
006168,train
001428,train
008605,train
004841,train
002270,train
005109,train
006023,train
006309,train
001457,train
001736,train
002269,train
005177,train
005677,train
004976,train
005910,train
008545,train
009121,train
003348,train
008183,train
002924,train
005951,train
001803,train
006673,train
001114,train
009588,train
006761,train
005963,train
007052,train
008990,train
006031,train
004492,train
008632,train
009403,train
002216,train
006551,train
007263,train
000245,train
007026,train
008964,train
001953,train
000094,train
006848,train
009257,train
006642,train
007697,train
009911,train
002294,train
004904,train
008192,train
008061,train
009148,train
006695,train
000049,train
006250,train
002794,train
004194,train
004171,train
000816,train
001727,train
002931,train
007108,train
000970,train
005010,train
002736,train
006380,train
006010,train
001653,train
009584,train
003815,train
006820,train
000673,train
001405,train
006005,train
004062,train
008896,train
006399,train
006933,train
006178,train
000724,train
006923,train
000471,train
001044,train
002735,train
009460,train
006969,train
005861,train
009410,train
002860,train
008264,train
003831,train
001770,train
005672,train
000124,train
001822,train
009685,train
009710,train
003767,train
004160,train
001613,train
004410,train
008101,train
007982,train
006183,train
002874,train
005351,train
005565,train
003424,train
003091,train
001944,train
007001,train
003019,train
004638,train
003579,train
004355,train
000417,train
000191,train
002667,train
001667,train
005639,train
000230,train
005743,train
000937,train
005204,train
009610,train
003780,train
007446,train
001493,train
006908,train
007103,train
009838,train
009021,train
005098,train
006254,train
007775,train
008715,train
004536,train
003972,train
000304,train
005215,train
007337,train
000901,train
004541,train
006102,train
008952,train
003633,train
008067,train
009170,train
001058,train
008073,train
004945,train
004156,train
008127,train
003932,train
000575,train
001364,train
006619,train
003967,train
002398,train
006835,train
005025,train
008303,train
003716,train
009739,train
003698,train
005029,train
005089,train
007240,train
009014,train
004875,train
003749,train
002110,train
003751,train
000084,train
004709,train
004070,train
001618,train
006814,train
003715,train
003132,train
006645,train
005887,train
003669,train
003445,train
001216,train
005006,train
007143,train
001201,train
003511,train
009938,train
003043,train
004546,train
001274,train
009395,train
005535,train
002022,train
002219,train
003631,train
001741,train
003718,train
002443,train
004845,train
009113,train
005052,train
009030,train
002830,train
005225,train
008894,train
007413,train
002133,train
001266,train
004303,train
003213,train
009587,train
002431,train
009955,train
009962,train
005709,train
003766,train
004576,train
002691,train
002709,train
000545,train
003825,train
005078,train
004125,train
004661,train
008967,train
000929,train
005148,train
008281,train
005317,train
007976,train
009917,train
003672,train
008442,train
007828,train
009980,train
009684,train
008738,train
003473,train
009003,train
009531,train
003199,train
001349,train
000182,train
004100,train
006516,train
009515,train
007952,train
002722,train
004389,train
000772,train
000805,train
004893,train
002633,train
006715,train
000172,train
004201,train
001696,train
003461,train
007964,train
000533,train
004036,train
002224,train
008052,train
009179,train
009703,train
009040,train
009326,train
000511,train
006391,train
002484,train
009000,train
001179,train
005641,train
003551,train
007329,train
004833,train
003175,train
002799,train
003953,train
007014,train
003480,train
007095,train
005917,train
003329,train
007920,train
009718,train
005575,train
002760,train
006607,train
006927,train
004472,train
000205,train
009963,train
002104,train
004726,train
005335,train
003786,train
004298,train
000561,train
007950,train
009647,train
000649,train
003933,train
009974,train
007868,train
008088,train
000482,train
007582,train
007937,train
006316,train
006784,train
009463,train
003274,train
005417,train
009147,train
009094,train
000249,train
008624,train
008458,train
000787,train
008304,train
003296,train
006206,train
008521,train
000071,train
006911,train
002590,train
008079,train
009149,train
009352,train
000743,train
000296,train
001310,train
007929,train
003894,train
003888,train
004876,train
007809,train
007985,train
005854,train
005095,train
005479,train
007977,train
005350,train
009988,train
002141,train
001681,train
002403,train
004913,train
009893,train
008026,train
005702,train
004419,train
000866,train
003021,train
009357,train
004177,train
003732,train
009391,train
007424,train
005532,train
009551,train
009077,train
001016,train
000515,train
008403,train
009687,train
005972,train
000247,train
004416,train
004654,train
003607,train
007781,train
002497,train
000812,train
000184,train
005739,train
006816,train
004023,train
009761,train
009337,train
005548,train
005893,train
000113,train
001452,train
007511,train
002922,train
002358,train
003542,train
004320,train
000529,train
001722,train
000279,train
009708,train
009169,train
002915,train
008942,train
000864,train
006035,train
006465,train
009624,train
006676,train
000635,train
002162,train
003677,train
000393,train
008653,train
006157,train
009987,train
003308,train
003170,train
001231,train
009916,train
001714,train
009051,train
000587,train
006006,train
007593,train
004993,train
007772,train
007991,train
000652,train
007442,train
002849,train
005463,train
000308,train
000492,train
008272,train
000947,train
009816,train
009765,train
006573,train
000122,train
006417,train
004045,train
008019,train
005520,train
003486,train
001306,train
006361,train
005821,train
007891,train
009301,train
003476,train
004946,train
000382,train
002541,train
005217,train
005593,train
003357,train
002395,train
002113,train
003575,train
002882,train
004478,train
001504,train
006506,train
007578,train
005732,train
004605,train
003448,train
004048,train
009251,train
007236,train
003845,train
002307,train
008415,train
004517,train
001764,train
000874,train
003076,train
006819,train
008699,train
004724,train
008596,train
000689,train
001212,train
009545,train
001815,train
003686,train
004482,train
001642,train
006467,train
009362,train
008294,train
002575,train
004219,train
007889,train
009964,train
006781,train
003943,train
001301,train
006832,train
004832,train
006318,train
008616,train
005212,train
004921,train
008643,train
006193,train
004704,train
002326,train
006559,train
002601,train
007874,train
001508,train
001760,train
002422,train
006714,train
009979,train
001172,train
005358,train
006545,train
006694,train
004258,train
004222,train
000045,train
009616,train
006677,train
005611,train
007184,train
003852,train
000862,train
008380,train
001957,train
002795,train
007658,train
002474,train
006150,train
000667,train
007223,train
000040,train
002465,train
000691,train
009697,train
000624,train
000134,train
008060,train
003411,train
008287,train
003202,train
003355,train
005261,train
000507,train
000500,train
009041,train
009276,train
001723,train
008929,train
006915,train
003464,train
002758,train
000199,train
007293,train
000698,train
009564,train
007036,train
008373,train
002362,train
005172,train
000262,train
005788,train
008541,train
000057,train
005203,train
004446,train
006064,train
003955,train
009576,train
007114,train
000773,train
006964,train
006451,train
005290,train
004960,train
004278,train
002558,train
007409,train
007750,train
009781,train
004629,train
004985,train
002281,train
008436,train
009607,train
004489,train
007644,train
004758,train
005756,train
007175,train
006370,train
000796,train
005597,train
008252,train
009145,train
009798,train
008501,train
000336,train
009467,train
005836,train
003212,train
007270,train
002929,train
006438,train
004132,train
000941,train
009166,train
007153,train
000644,train
008992,train
005826,train
001740,train
000881,train
008629,train
006827,train
004212,train
006707,train
009672,train
002994,train
000535,train
005735,train
001947,train
001019,train
006538,train
009921,train
000413,train
001666,train
003731,train
006374,train
003576,train
007815,train
006414,train
004224,train
001276,train
008578,train
007854,train
000312,train
000669,train
008988,train
003070,train
008367,train
009915,train
001934,train
005032,train
009436,train
005605,train
001955,train
003984,train
000203,train
004931,train
008136,train
001916,train
005871,train
005116,train
009120,train
000513,train
007067,train
009182,train
003555,train
002891,train
003600,train
004714,train
002233,train
008812,train
006823,train
006017,train
008820,train
003754,train
005322,train
002299,train
004850,train
009793,train
009069,train
006136,train
004468,train
006243,train
001461,train
003675,train
008322,train
001022,train
002649,train
008576,train
000476,train
005874,train
005552,train
001218,train
008604,train
006445,train
009976,train
006618,train
003264,train
004727,train
002000,train
005523,train
007539,train
005014,train
005701,train
000808,train
002779,train
001892,train
004109,train
001385,train
006175,train
002661,train
008037,train
008197,train
005106,train
009882,train
007469,train
001380,train
001830,train
002947,train
000752,train
001390,train
005684,train
002087,train
004584,train
009570,train
003149,train
007288,train
003287,train
002921,train
006777,train
005538,train
002007,train
009591,train
008143,train
006703,train
008656,train
005621,train
005248,train
009305,train
003350,train
003334,train
000083,train
006821,train
001141,train
004922,train
003921,train
003413,train
005135,train
006719,train
003794,train
008300,train
005339,train
009264,train
001845,train
005254,train
003614,train
005999,train
003663,train
008506,train
001053,train
008958,train
001990,train
003398,train
004134,train
006998,train
006443,train
006649,train
005469,train
008135,train
005742,train
003546,train
009944,train
007819,train
002645,train
009415,train
009825,train
001705,train
009539,train
008374,train
004802,train
007346,train
004305,train
004910,train
006603,train
001465,train
002530,train
004814,train
007571,train
002797,train
007738,train
006375,train
004948,train
008275,train
002329,train
001034,train
008406,train
008662,train
007443,train
002509,train
001025,train
004016,train
003838,train
005722,train
005233,train
000568,train
004098,train
006213,train
006862,train
003227,train
002011,train
005995,train
009933,train
002823,train
004672,train
008013,train
009631,train
006130,train
002505,train
000197,train
009425,train
009495,train
003163,train
009207,train
003907,train
009920,train
008534,train
008825,train
009743,train
000121,train
009492,train
009358,train
005844,train
008778,train
005090,train
003909,train
005404,train
007570,train
000883,train
003331,train
000991,train
003951,train
008949,train
006045,train
008905,train
009906,train
009377,train
009790,train
008305,train
004363,train
006675,train
000429,train
000256,train
000629,train
008222,train
002121,train
002987,train
009783,train
001754,train
007826,train
002867,train
008975,train
008450,train
009289,train
004782,train
000623,train
008558,train
008719,train
000700,train
001563,train
001071,train
001223,train
000905,train
009203,train
003275,train
007880,train
006076,train
007503,train
008404,train
004434,train
009826,train
007439,train
001676,train
003211,train
006218,train
000943,train
007522,train
000233,train
009039,train
001970,train
006593,train
001128,train
001459,train
007584,train
002622,train
008788,train
001702,train
008263,train
001256,train
008338,train
001628,train
000385,train
005134,train
009901,train
005557,train
003839,train
005798,train
000209,train
008446,train
005541,train
005394,train
004338,train
008112,train
008467,train
000576,train
001061,train
008018,train
008180,train
006903,train
009507,train
002319,train
008660,train
008405,train
000196,train
008884,train
001409,train
003267,train
009992,train
005891,train
004995,train
009683,train
008412,train
009435,train
002898,train
003557,train
004963,train
002098,train
009711,train
006925,train
007420,train
006643,train
005334,train
001910,train
006393,train
004524,train
002648,train
008717,train
003738,train
003973,train
007887,train
004063,train
003700,train
006055,train
003539,train
002288,train
003001,train
001926,train
002178,train
002023,train
008843,train
000108,train
000334,train
004031,train
004208,train
006757,train
001798,train
006295,train
002333,train
000299,train
008803,train
001191,train
008407,train
007084,train
005648,train
005122,train
009721,train
008848,train
003849,train
006546,train
006223,train
007395,train
001421,train
002097,train
006330,train
007594,train
006097,train
002249,train
009245,train
005662,train
004093,train
004550,train
004139,train
006840,train
008003,train
006404,train
005365,train
002453,train
006173,train
002276,train
002424,train
000501,train
008982,train
005699,train
002554,train
001007,train
000367,train
007335,train
009023,train
008708,train
004392,train
005602,train
006124,train
002905,train
008838,train
002786,train
009248,train
009509,train
005929,train
009978,train
009336,train
009220,train
004431,train
004429,train
008137,train
008036,train
006115,train
001011,train
009230,train
003620,train
003805,train
006612,train
006659,train
006824,train
004248,train
002726,train
001134,train
007379,train
007212,train
004754,train
005103,train
000408,train
000280,train
001873,train
001546,train
003641,train
005608,train
006557,train
002405,train
000358,train
005347,train
008851,train
004376,train
007722,train
009478,train
002494,train
002894,train
003497,train
004601,train
001209,train
001966,train
008886,train
003353,train
002635,train
008673,train
009568,train
006611,train
003568,train
007034,train
000294,train
004218,train
002470,train
001202,train
006195,train
007104,train
005670,train
001835,train
001492,train
000868,train
005525,train
008784,train
002259,train
005973,train
000335,train
000591,train
000906,train
002056,train
005230,train
001518,train
003059,train
004585,train
007120,train
003622,train
003328,train
004525,train
007795,train
006048,train
008872,train
007050,train
005683,train
006355,train
003832,train
007624,train
003604,train
002460,train
005516,train
000875,train
002764,train
004148,train
000302,train
008919,train
005984,train
002487,train
004596,train
000114,train
001932,train
004677,train
003660,train
002911,train
000650,train
002723,train
002968,train
009883,train
008291,train
009541,train
009327,train
005831,train
008038,train
008388,train
000912,train
002753,train
002746,train
006052,train
003158,train
007081,train
009925,train
007947,train
005497,train
009593,train
002122,train
000378,train
001463,train
005485,train
000902,train
008591,train
005237,train
002863,train
006063,train
007416,train
004812,train
001961,train
003687,train
002984,train
009389,train
007410,train
003201,train
002135,train
005965,train
004420,train
005157,train
005797,train
007817,train
009363,train
003265,train
009273,train
008683,train
003061,train
000497,train
009135,train
000665,train
001836,train
007523,train
007459,train
001408,train
008440,train
003167,train
004795,train
000755,train
007576,train
002774,train
009471,train
004895,train
002831,train
007011,train
003087,train
009809,train
003983,train
000628,train
007968,train
004551,train
001168,train
000658,train
003392,train
006442,train
005618,train
004365,train
003270,train
000193,train
004872,train
005178,train
009350,train
003801,train
001064,train
006889,train
001255,train
007358,train
009430,train
007287,train
007656,train
005113,train
009178,train
002778,train
009270,train
007061,train
009908,train
009490,train
000257,train
000774,train
008353,train
008743,train
006914,train
004856,train
003587,train
006674,train
000540,train
004764,train
009682,train
009518,train
003027,train
000836,train
008588,train
006452,train
003763,train
008114,train
003870,train
004936,train
003210,train
000315,train
002784,train
003319,train
006235,train
000328,train
000357,train
003601,train
009887,train
000268,train
004849,train
007864,train
004747,train
007419,train
008714,train
003884,train
004711,train
005377,train
003904,train
001414,train
008756,train
008564,train
007414,train
005665,train
004696,train
002062,train
001095,train
001444,train
009714,train
003569,train
005454,train
008852,train
009392,train
003338,train
005619,train
005496,train
005556,train
009470,train
005815,train
005435,train
006849,train
000167,train
002272,train
006447,train
001568,train
003586,train
003525,train
001490,train
008212,train
007051,train
007266,train
008499,train
005110,train
005571,train
001744,train
007345,train
008681,train
004442,train
001363,train
001576,train
006263,train
005976,train
005697,train
001517,train
008485,train
007925,train
003541,train
006845,train
002289,train
003710,train
008547,train
005450,train
003594,train
008667,train
006408,train
007408,train
002363,train
006913,train
003520,train
006710,train
006822,train
007441,train
003299,train
006696,train
006920,train
002028,train
008360,train
007627,train
001963,train
006039,train
005696,train
007339,train
004346,train
002065,train
008574,train
005583,train
007380,train
007411,train
006597,train
006131,train
000910,train
003807,train
005612,train
001015,train
004665,train
009659,train
004947,train
009281,train
007597,train
007401,train
000886,train
007466,train
002137,train
001686,train
000354,train
000940,train
006938,train
004328,train
008256,train
009126,train
004969,train
003208,train
009133,train
003298,train
004007,train
008274,train
000559,train
005472,train
000244,train
000131,train
006801,train
006331,train
003536,train
009800,train
007265,train
000795,train
006208,train
004981,train
001529,train
009426,train
005311,train
006526,train
007969,train
000593,train
008972,train
005165,train
009421,train
005195,train
006946,train
002413,train
004205,train
004826,train
001689,train
007580,train
007166,train
009091,train
002310,train
000451,train
006863,train
004713,train
008416,train
001716,train
008544,train
005510,train
002806,train
002904,train
002637,train
002109,train
003617,train
009580,train
003523,train
000720,train
007128,train
000214,train
000427,train
000177,train
002926,train
009984,train
008425,train
008326,train
009424,train
001167,train
009601,train
007132,train
000176,train
003332,train
004867,train
009464,train
004042,train
002887,train
008453,train
008182,train
002813,train
002553,train
007133,train
007422,train
006176,train
004570,train
002210,train
001482,train
000391,train
006970,train
007706,train
005092,train
005042,train
006732,train
009116,train
009032,train
005437,train
006230,train
006480,train
004228,train
005306,train
002510,train
000714,train
000979,train
001687,train
009341,train
002652,train
007038,train
003050,train
000844,train
002680,train
003842,train
001704,train
001162,train
008895,train
007089,train
000029,train
004779,train
006139,train
001994,train
007347,train
008721,train
004698,train
009998,train
008934,train
003976,train
005769,train
000997,train
009886,train
006385,train
006369,train
001515,train
006103,train
004474,train
006734,train
003500,train
005498,train
005814,train
008475,train
002793,train
008107,train
006647,train
009158,train
002770,train
007786,train
003723,train
000494,train
001328,train
009002,train
004810,train
006974,train
009365,train
004239,train
000903,train
007870,train
003345,train
002961,train
000261,train
002917,train
007139,train
005430,train
009932,train
000204,train
000705,train
006811,train
005127,train
006114,train
000187,train
005754,train
003621,train
006356,train
006483,train
008240,train
007634,train
003850,train
002373,train
009284,train
008790,train
006698,train
007382,train
003664,train
009146,train
006166,train
000175,train
001383,train
009767,train
003097,train
000151,train
008438,train
003343,train
006792,train
006119,train
005367,train
002528,train
007998,train
008879,train
006988,train
000976,train
004940,train
004944,train
006104,train
004513,train
000573,train
004746,train
001793,train
000347,train
009080,train
006154,train
003496,train
009122,train
001224,train
007315,train
003573,train
005490,train
009615,train
000723,train
000831,train
001187,train
006665,train
008078,train
009453,train
009210,train
009950,train
009367,train
000226,train
007113,train
006474,train
003666,train
001470,train
002192,train
007431,train
008216,train
009235,train
008081,train
000013,train
007295,train
002212,train
004725,train
008194,train
009681,train
009266,train
009342,train
009020,train
000015,train
002913,train
009213,train
005386,train
000620,train
001091,train
001599,train
003860,train
002812,train
008155,train
006800,train
007561,train
002582,train
001026,train
006434,train
003974,train
008529,train
000142,train
009153,train
005433,train
006185,train
000435,train
002514,train
007881,train
005137,train
009808,train
002776,train
005164,train
002015,train
003254,train
001608,train
002499,train
003018,train
002014,train
006387,train
003699,train
000728,train
009912,train
001057,train
003642,train
004721,train
008333,train
008670,train
004855,train
001135,train
000303,train
000663,train
008096,train
007958,train
008260,train
001132,train
001857,train
004917,train
003030,train
005441,train
001037,train
006529,train
007714,train
003494,train
007389,train
005650,train
004759,train
004287,train
008292,train
005319,train
000498,train
007053,train
005892,train
002433,train
000232,train
009466,train
002537,train
006113,train
000139,train
000790,train
001031,train
002991,train
000898,train
009890,train
009532,train
000425,train
003421,train
009504,train
008169,train
007550,train
000278,train
006094,train
009968,train
002243,train
001283,train
004322,train
003928,train
008831,train
005159,train
008926,train
000990,train
003982,train
001602,train
006721,train
001045,train
003590,train
005652,train
001107,train
006013,train
003009,train
008761,train
002805,train
003498,train
005863,train
008359,train
006829,train
009447,train
002171,train
007855,train
001564,train
001838,train
005182,train
004896,train
002964,train
005895,train
008488,train
006595,train
003129,train
002838,train
005512,train
000957,train
002181,train
002632,train
005586,train
001950,train
007587,train
001900,train
008867,train
008296,train
006540,train
006507,train
002769,train
000222,train
006791,train
006753,train
000863,train
009621,train
006737,train
001802,train
003291,train
001569,train
004364,train
002031,train
004488,train
002439,train
008460,train
005638,train
001404,train
007470,train
002160,train
003307,train
007876,train
006460,train
005540,train
009140,train
005789,train
006657,train
000619,train
002423,train
007099,train
007737,train
000456,train
004595,train
009443,train
007220,train
005146,train
008070,train
000542,train
001032,train
005309,train
000314,train
008173,train
000519,train
000337,train
003609,train
001174,train
000111,train
002557,train
007059,train
000211,train
006517,train
000692,train
002368,train
001938,train
006750,train
008644,train
001066,train
002308,train
009354,train
004493,train
000144,train
006748,train
001184,train
001206,train
001445,train
004385,train
001357,train
002350,train
005126,train
002099,train
005331,train
009521,train
006739,train
005960,train
001407,train
000216,train
005834,train
005185,train
004888,train
002208,train
004313,train
002875,train
004970,train
003400,train
007728,train
001004,train
006928,train
002498,train
004329,train
009432,train
008771,train
003172,train
001144,train
009243,train
006562,train
006036,train
006292,train
002376,train
006060,train
005357,train
001979,train
004277,train
007992,train
007278,train
005476,train
003818,train
002237,train
004593,train
006844,train
006793,train
004862,train
002040,train
002836,train
000030,train
005569,train
008191,train
008696,train
007549,train
007162,train
002788,train
003671,train
009231,train
001737,train
002086,train
001861,train
009191,train
004226,train
009858,train
006476,train
005660,train
007282,train
007070,train
003564,train
004430,train
005465,train
001788,train
004991,train
006942,train
000589,train
000064,train
009705,train
003729,train
000047,train
009702,train
004740,train
006220,train
007188,train
007759,train
001708,train
003238,train
007943,train
008271,train
000770,train
008963,train
006627,train
006468,train
007215,train
009137,train
002232,train
001782,train
006158,train
007978,train
001567,train
001303,train
006360,train
003427,train
007984,train
008795,train
000963,train
004645,train
001155,train
000449,train
004331,train
002293,train
000003,train
003635,train
008671,train
009646,train
008034,train
008792,train
007934,train
007890,train
002090,train
006769,train
005414,train
005978,train
006788,train
006508,train
005086,train
008839,train
002783,train
004825,train
007852,train
003196,train
005971,train
007312,train
000801,train
001831,train
009214,train
002521,train
001597,train
009500,train
002176,train
001855,train
003008,train
002706,train
005528,train
007487,train
006003,train
002378,train
000569,train
005117,train
004466,train
009026,train
007073,train
002641,train
004162,train
009387,train
003231,train
003484,train
003104,train
004842,train
002450,train
000285,train
001662,train
007566,train
008029,train
001823,train
000399,train
009368,train
009056,train
006200,train
009282,train
007219,train
004071,train
001993,train
006123,train
003971,train
007027,train
005483,train
009830,train
003581,train
002843,train
002230,train
001401,train
006577,train
001783,train
009693,train
006891,train
008611,train
008267,train
009219,train
007669,train
008695,train
006015,train
009704,train
007161,train
007917,train
008185,train
005012,train
003985,train
007352,train
001641,train
001888,train
002182,train
007298,train
007455,train
009382,train
002277,train
005595,train
005903,train
004439,train
000421,train
002080,train
000521,train
009128,train
008628,train
008030,train
001156,train
007248,train
007366,train
006660,train
004792,train
007516,train
005040,train
006720,train
004980,train
006943,train
001856,train
003440,train
008567,train
003938,train
005604,train
000751,train
003964,train
001488,train
007496,train
003979,train
009010,train
009918,train
005287,train
001927,train
007271,train
009661,train
005418,train
009928,train
003757,train
001866,train
005366,train
006530,train
002861,train
006817,train
003544,train
002325,train
004192,train
003816,train
008393,train
002747,train
002920,train
005299,train
001361,train
003025,train
006407,train
008730,train
008688,train
002864,train
003999,train
008706,train
002427,train
009209,train
002886,train
005079,train
001605,train
009805,train
000352,train
006986,train
001571,train
000433,train
004840,train
007375,train
003244,train
000118,train
000532,train
005063,train
008250,train
002214,train
001387,train
003386,train
004250,train
000291,train
000701,train
008290,train
007608,train
007574,train
005075,train
000579,train
006639,train
004751,train
004950,train
008962,train
004309,train
003543,train
009036,train
002105,train
009344,train
003656,train
000062,train
000468,train
001120,train
005199,train
004718,train
009465,train
003306,train
002748,train
006722,train
009438,train
002180,train
007217,train
005453,train
004348,train
004561,train
001314,train
004768,train
002616,train
001278,train
003105,train
006337,train
003549,train
007029,train
003416,train
007429,train
009873,train
001912,train
005406,train
000356,train
009058,train
004316,train
000180,train
007187,train
000016,train
009905,train
005537,train
007495,train
005758,train
007559,train
000149,train
009768,train
005187,train
000543,train
007710,train
003402,train
000402,train
000586,train
001340,train
001271,train
009691,train
003000,train
009796,train
005858,train
006525,train
006860,train
004169,train
003835,train
003364,train
007378,train
001817,train
000379,train
006490,train
008188,train
008987,train
008763,train
005811,train
009985,train
008549,train
009396,train
001239,train
001851,train
008933,train
008097,train
002035,train
006994,train
009550,train
001112,train
000129,train
002907,train
006301,train
009850,train
006962,train
003078,train
000478,train
006729,train
000767,train
004528,train
003488,train
007006,train
000679,train
002188,train
009356,train
003902,train
007068,train
000127,train
001148,train
006167,train
000271,train
009053,train
006909,train
006749,train
002365,train
009383,train
004068,train
006702,train
002274,train
005242,train
006354,train
008111,train
002314,train
001226,train
006855,train
009940,train
005832,train
003165,train
004361,train
005946,train
006579,train
007997,train
007990,train
000636,train
008145,train
007300,train
006578,train
006967,train
001943,train
004220,train
007915,train
005376,train
008352,train
005808,train
000719,train
000119,train
005397,train
004707,train
004590,train
008868,train
008757,train
001365,train
002809,train
000466,train
008417,train
003141,train
001326,train
005953,train
004149,train
006283,train
009271,train
006187,train
001042,train
001153,train
007289,train
000824,train
007370,train
003796,train
004994,train
007471,train
008419,train
008637,train
007262,train
007897,train
006403,train
007931,train
008033,train
005259,train
009233,train
000483,train
007333,train
003634,train
006419,train
005429,train
009528,train
008368,train
001189,train
007955,train
000953,train
004857,train
003374,train
002017,train
003297,train
008969,train
008386,train
004251,train
006834,train
008139,train
002516,train
005990,train
001449,train
003701,train
002355,train
006681,train
009650,train
001296,train
002493,train
005316,train
001176,train
002895,train
002477,train
003532,train
002965,train
005613,train
006584,train
005690,train
006458,train
002988,train
005173,train
003415,train
009786,train
003491,train
003667,train
006795,train
005338,train
002148,train
003719,train
002158,train
004902,train
006053,train
006264,train
005998,train
004836,train
001928,train
008680,train
005920,train
006156,train
001750,train
007230,train
003521,train
004072,train
001509,train
001322,train
004932,train
003147,train
008204,train
005795,train
006470,train
007808,train
003069,train
001865,train
005902,train
006652,train
003224,train
008979,train
005828,train
002866,train
007290,train
009590,train
009445,train
005993,train
002752,train
009520,train
000730,train
004157,train
005819,train
004515,train
004261,train
006085,train
007485,train
006441,train
008202,train
002732,train
005642,train
000595,train
000150,train
009202,train
002675,train
000225,train
005860,train
009274,train
009239,train
000850,train
002283,train
009452,train
004067,train
009945,train
005100,train
001002,train
007680,train
002458,train
002462,train
003478,train
005915,train
009993,train
008841,train
001948,train
003323,train
002411,train
009112,train
000974,train
002021,train
004384,train
000023,train
006364,train
008477,train
007131,train
003940,train
000050,train
001036,train
007981,train
002550,train
008062,train
007054,train
008409,train
008066,train
005600,train
008463,train
009737,train
009868,train
007087,train
004382,train
007302,train
001261,train
001718,train
005901,train
007072,train
009946,train
003363,train
004491,train
000664,train
008822,train
002701,train
008603,train
006804,train
000699,train
008178,train
004432,train
007989,train
009689,train
001551,train
000654,train
009131,train
007838,train
005954,train
009400,train
001573,train
002897,train
007097,train
005734,train
001486,train
007927,train
005193,train
008920,train
000467,train
000373,train
000506,train
007954,train
005388,train
004791,train
007012,train
008762,train
002656,train
007160,train
004317,train
004195,train
000369,train
008814,train
006733,train
003599,train
004013,train
008302,train
004575,train
000102,train
007458,train
007693,train
007780,train
001610,train
000554,train
007115,train
008103,train
006646,train
003189,train
000736,train
005059,train
009733,train
004733,train
009129,train
007243,train
004153,train
009942,train
000582,train
002117,train
006766,train
008819,train
007793,train
001205,train
005380,train
004286,train
009574,train
001171,train
007077,train
006415,train
001247,train
009160,train
001800,train
001192,train
004053,train
003756,train
004427,train
005726,train
008247,train
001586,train
002284,train
000160,train
009931,train
001620,train
003665,train
002124,train
001006,train
000173,train
007493,train
008836,train
001849,train
005219,train
008991,train
000157,train
003223,train
002884,train
002627,train
002151,train
002196,train
003712,train
006280,train
003041,train
004818,train
006887,train
001281,train
002949,train
001558,train
008659,train
006497,train
002490,train
000171,train
008166,train
001658,train
001751,train
001010,train
008777,train
007180,train
004484,train
003592,train
008891,train
001799,train
000725,train
005627,train
004852,train
005024,train
005875,train
009511,train
008563,train
000911,train
001691,train
001105,train
000061,train
008370,train
001673,train
009975,train
005263,train
003959,train
007677,train
008342,train
007500,train
007321,train
006428,train
004974,train
003693,train
002660,train
004437,train
001920,train
002476,train
006764,train
003782,train
000549,train
001952,train
003194,train
009669,train
000325,train
001471,train
008606,train
007791,train
008045,train
000951,train
005399,train
008006,train
009088,train
004663,train
007193,train
007552,train
008154,train
009707,train
007474,train
000107,train
000756,train
000538,train
000437,train
004158,train
007112,train
004455,train
009009,train
003024,train
009599,train
007893,train
006266,train
007400,train
001242,train
004925,train
005806,train
004979,train
006079,train
005964,train
002978,train
007421,train
009914,train
008776,train
000754,train
008387,train
006851,train
008049,train
002282,train
007314,train
001300,train
003926,train
006117,train
008265,train
009427,train
003154,train
003726,train
003885,train
002145,train
002888,train
004568,train
001265,train
007856,train
005846,train
008845,train
003277,train
004456,train
002217,train
007904,train
000567,train
008511,train
007091,train
000539,train
007203,train
007543,train
001348,train
002479,train
001279,train
006886,train
000625,train
004537,train
000984,train
001709,train
009716,train
008251,train
002562,train
002508,train
008089,train
002132,train
001565,train
004752,train
009345,train
007857,train
006839,train
003813,train
008046,train
000621,train
007083,train
007515,train
006379,train
004189,train
003337,train
005130,train
006093,train
007367,train
005847,train
003325,train
006767,train
004763,train
006323,train
007932,train
002560,train
005926,train
001441,train
002802,train
001420,train
004943,train
000643,train
004815,train
001611,train
006501,train
006050,train
006170,train
002168,train
008572,train
006567,train
004290,train
002918,train
005664,train
006504,train
008230,train
000814,train
005234,train
006290,train
004911,train
007173,train
003550,train
007003,train
008234,train
000407,train
006008,train
002082,train
001559,train
008421,train
001583,train
002659,train
008397,train
005392,train
006628,train
006221,train
009408,train
005422,train
001475,train
002703,train
004587,train
006977,train
007336,train
009412,train
009418,train
000272,train
000034,train
008875,train
009451,train
000217,train
008028,train
005988,train
008276,train
007911,train
009483,train
009803,train
000246,train
004858,train
001046,train
006098,train
004461,train
004918,train
007010,train
005991,train
007805,train
002737,train
004973,train
009198,train
000578,train
008122,train
002551,train
001978,train
002247,train
001059,train
006277,train
004038,train
002238,train
008402,train
006918,train
002203,train
003031,train
006892,train
006663,train
005896,train
007742,train
001843,train
001249,train
007642,train
003294,train
005906,train
001406,train
000056,train
005682,train
006228,train
008809,train
003558,train
000604,train
002543,train
000995,train
000223,train
003029,train
003721,train
000351,train
006847,train
002983,train
003103,train
006268,train
007309,train
009513,train
005294,train
000956,train
009777,train
004680,train
001804,train
006350,train
007803,train
001811,train
008080,train
009330,train
007630,train
001432,train
007074,train
003790,train
005252,train
000099,train
002684,train
002432,train
001411,train
005214,train
009779,train
001426,train
009152,train
004854,train
005174,train
002751,train
005643,train
008871,train
002359,train
008693,train
004240,train
006138,train
006009,train
006491,train
009635,train
008854,train
008668,train
003789,train
003013,train
002523,train
004790,train
009423,train
009349,train
005717,train
006096,train
006854,train
000811,train
005368,train
008383,train
000552,train
006430,train
008551,train
008796,train
003169,train
009922,train
007718,train
001632,train
007210,train
004274,train
004445,train
002245,train
006754,train
005275,train
008131,train
006448,train
000338,train
008897,train
006363,train
009035,train
001615,train
003220,train
004324,train
001769,train
000909,train
000368,train
008586,train
009842,train
002437,train
007465,train
006907,train
004787,train
004253,train
002759,train
000206,train
008447,train
006621,train
008829,train
002057,train
006726,train
000612,train
002313,train
009930,train
006019,train
000168,train
006400,train
007884,train
000221,train
001566,train
005191,train
003184,train
002596,train
005001,train
004992,train
003479,train
007146,train
005151,train
006410,train
007080,train
003562,train
009317,train
008492,train
001706,train
001778,train
007551,train
004702,train
001425,train
005997,train
004644,train
004159,train
000229,train
003195,train
009736,train
007993,train
003828,train
005527,train
006412,train
008973,train
008016,train
002630,train
009090,train
004356,train
003717,train
008160,train
002360,train
008663,train
002824,train
006159,train
008215,train
001999,train
004886,train
009269,train
003247,train
005266,train
007812,train
000316,train
004103,train
000890,train
007779,train
009766,train
005058,train
002336,train
005241,train
003881,train
003322,train
009812,train
000954,train
001023,train
002384,train
007105,train
004078,train
009579,train
006976,train
007671,train
008418,train
001885,train
000154,train
000386,train
000633,train
002341,train
007567,train
002337,train
005207,train
002094,train
008484,train
009127,train
001130,train
003368,train
006895,train
004549,train
005745,train
003160,train
000088,train
004775,train
009444,train
004117,train
005961,train
004695,train
000026,train
001236,train
003646,train
009419,train
006100,train
006972,train
002440,train
001165,train
000141,train
002974,train
004247,train
001626,train
009632,train
004501,train
008500,train
009881,train
007833,train
007303,train
004414,train
004868,train
006312,train
005144,train
002234,train
006963,train
006197,train
006143,train
001324,train
009142,train
006198,train
001763,train
002593,train
009300,train
008640,train
001522,train
007127,train
001329,train
008520,train
006533,train
005868,train
008638,train
005563,train
008994,train
004358,train
002186,train
006376,train
002693,train
001382,train
009969,train
005630,train
008472,train
005305,train
003245,train
000683,train
004144,train
004069,train
001749,train
005448,train
005878,train
009573,train
008227,train
006282,train
009025,train
009971,train
006503,train
000432,train
004870,train
006152,train
005249,train
008413,train
009902,train
009835,train
008881,train
005432,train
006446,train
001018,train
002690,train
004572,train
000791,train
000776,train
008734,train
002177,train
005800,train
002970,train
005625,train
005812,train
007660,train
005810,train
000884,train
007863,train
005913,train
001244,train
003417,train
000288,train
003007,train
009302,train
009889,train
001088,train
008298,train
009903,train
000238,train
002901,train
005558,train
006841,train
003367,train
001703,train
003647,train
004243,train
003045,train
007940,train
001478,train
000248,train
008775,train
003280,train
007621,train
007945,train
005792,train
007482,train
006638,train
002012,train
006137,train
008482,train
003772,train
006255,train
009982,train
000290,train
002940,train
002481,train
008918,train
001500,train
008649,train
005495,train
007042,train
006668,train
009434,train
006372,train
002006,train
002694,train
007186,train
008175,train
005674,train
007942,train
000130,train
000404,train
000784,train
007071,train
005840,train
005345,train
007191,train
003577,train
005489,train
000531,train
009455,train
007353,train
005379,train
005866,train
002698,train
006872,train
007776,train
009575,train
004676,train
002625,train
001678,train
001321,train
001159,train
002511,train
004699,train
007554,train
003136,train
004126,train
002798,train
009102,train
000777,train
001587,train
008707,train
008686,train
004480,train
002696,train
007645,train
008526,train
008642,train
006265,train
006362,train
004075,train
005919,train
008525,train
006377,train
007853,train
003616,train
000759,train
006699,train
001552,train
002072,train
002613,train
009664,train
004794,train
001859,train
008713,train
002218,train
001078,train
006366,train
008465,train
001840,train
009596,train
008023,train
009290,train
000656,train
006634,train
008711,train
004408,train
002452,train
003405,train
003553,train
009675,train
003837,train
006648,train
008580,train
005785,train
001554,train
004014,train
008470,train
003584,train
006571,train
005292,train
008916,train
004675,train
006588,train
003094,train
000174,train
001580,train
009892,train
002845,train
007207,train
007009,train
007319,train
001030,train
007801,train
001260,train
002912,train
000489,train
009175,train
005720,train
000748,train
004095,train
006145,train
009167,train
004256,train
009067,train
009457,train
008432,train
007903,train
000073,train
001991,train
005676,train
000980,train
002261,train
006478,train
000123,train
008509,train
005842,train
001933,train
005244,train
007948,train
004555,train
006471,train
005330,train
005534,train
003942,train
002075,train
001000,train
000345,train
001299,train
009852,train
009548,train
007480,train
003873,train
001707,train
000769,train
007330,train
005623,train
000274,train
008902,train
003628,train
005223,train
008364,train
000999,train
009772,train
005036,train
002048,train
001574,train
001487,train
003851,train
004319,train
003214,train
006014,train
007226,train
001196,train
007589,train
004688,train
007233,train
003798,train
003042,train
009481,train
002552,train
003442,train
006961,train
006469,train
004043,train
000120,train
006896,train
004507,train
007869,train
000067,train
008339,train
004300,train
002205,train
002311,train
007101,train
001523,train
000181,train
008542,train
001246,train
009633,train
005210,train
001538,train
006207,train
002229,train
009361,train
006881,train
007778,train
002372,train
001119,train
008758,train
006487,train
001540,train
008607,train
007063,train
002332,train
006492,train
001962,train
003458,train
004318,train
009897,train
001807,train
008810,train
003192,train
008456,train
002047,train
003233,train
007157,train
006473,train
007553,train
006214,train
000059,train
009701,train
008614,train
006919,train
007297,train
002454,train
007364,train
004029,train
007689,train
003843,train
002349,train
002817,train
001116,train
000000,train
007845,train
002486,train
008651,train
009821,train
003376,train
006953,train
009084,train
007654,train
000733,train
001860,train
005634,train
004411,train
009732,train
007681,train
003740,train
001450,train
008398,train
004308,train
002231,train
003827,train
006875,train
009934,train
005936,train
000287,train
000234,train
004657,train
001075,train
009439,train
008627,train
002327,train
002026,train
001878,train
002534,train
003193,train
006453,train
006373,train
002150,train
004926,train
000681,train
009959,train
007090,train
005031,train
003876,train
008555,train
006191,train
000843,train
007816,train
006303,train
001725,train
008833,train
009265,train
001922,train
001024,train
008152,train
004463,train
006728,train
008594,train
003688,train
004267,train
002975,train
009594,train
006269,train
003239,train
008186,train
006979,train
002595,train
002568,train
009229,train
008091,train
001327,train
000648,train
000584,train
003315,train
003455,train
002763,train
001372,train
001186,train
005478,train
005055,train
003121,train
005049,train
003661,train
009076,train
004762,train
006623,train
009909,train
007798,train
006852,train
001629,train
006479,train
009773,train
003373,train
000162,train
002819,train
004859,train
002951,train
002957,train
002128,train
002741,train
003685,train
004748,train
006215,train
006616,train
001765,train
000491,train
001338,train
000810,train
008960,train
000390,train
002055,train
008783,train
006762,train
004467,train
004235,train
009715,train
006305,train
008218,train
001446,train
009656,train
003874,train
009258,train
001194,train
001606,train
008723,train
007176,train
001931,train
007836,train
000818,train
001872,train
006016,train
006032,train
003692,train
008885,train
009390,train
006996,train
006107,train
003433,train
001724,train
003472,train
008156,train
008599,train
008118,train
007822,train
004659,train
002206,train
001942,train
008932,train
006073,train
002127,train
008508,train
002665,train
000825,train
003108,train
005823,train
009429,train
000068,train
002585,train
003768,train
004245,train
009206,train
008147,train
006432,train
003225,train
002844,train
007719,train
008400,train
007966,train
006960,train
004306,train
000443,train
004828,train
001819,train
005099,train
002295,train
004187,train
005273,train
004020,train
007275,train
009695,train
002583,train
003040,train
004627,train
000346,train
004705,train
004035,train
007163,train
006147,train
004589,train
001277,train
002916,train
006629,train
001661,train
001877,train
005970,train
002174,train
007830,train
001923,train
005809,train
004087,train
008767,train
001497,train
005587,train
009542,train
002896,train
005088,train
003903,train
009760,train
007154,train
002801,train
008378,train
005276,train
007844,train
005342,train
005899,train
006926,train
007274,train
009784,train
004514,train
008340,train
002586,train
001883,train
001805,train
003134,train
006402,train
005725,train
007653,train
003948,train
008524,train
003774,train
003758,train
002782,train
008598,train
003961,train
008124,train
003627,train
002049,train
007462,train
005044,train
006989,train
006776,train
008985,train
002410,train
004121,train
000592,train
005508,train
004147,train
005647,train
001433,train
006177,train
005955,train
003309,train
003725,train
005468,train
005526,train
002265,train
002846,train
009533,train
009174,train
007317,train
000738,train
000562,train
007407,train
006439,train
005458,train
004666,train
003237,train
002892,train
003272,train
008349,train
009956,train
007734,train
000002,train
001959,train
008571,train
000295,train
007065,train
001897,train
006259,train
004182,train
007534,train
001595,train
005068,train
004244,train
009312,train
000087,train
006741,train
004049,train
001435,train
009314,train
006394,train
008427,train
003282,train
003148,train
009308,train
000655,train
003037,train
006842,train
002155,train
000524,train
009643,train
005730,train
007979,train
007291,train
008528,train
009194,train
007174,train
001316,train
000426,train
009291,train
002772,train
008559,train
005115,train
001756,train
009722,train
001325,train
005897,train
004646,train
000975,train
005094,train
003261,train
005410,train
002512,train
002078,train
003962,train
006756,train
003032,train
001464,train
003952,train
004567,train
009676,train
007866,train
001668,train
005719,train
002257,train
008086,train
006388,train
004391,train
002140,train
002077,train
003490,train
001267,train
000873,train
007831,train
007607,train
002587,train
009776,train
003072,train
005589,train
005715,train
008772,train
005710,train
009642,train
000044,train
008550,train
002111,train
003347,train
004454,train
002320,train
008377,train
001904,train
009373,train
009537,train
004765,train
008739,train
007158,train
008590,train
003123,train
004706,train
001879,train
005427,train
008844,train
000355,train
003034,train
003446,train
008008,train
003534,train
009849,train
007585,train
001067,train
008396,train
009164,train
000962,train
005405,train
004353,train
009845,train
008823,train
005017,train
000788,train
005706,train
003438,train
004131,train
005065,train
008361,train
000135,train
000889,train
005615,train
003157,train
003098,train
007209,train
000563,train
006352,train
005274,train
001373,train
008123,train
006308,train
009888,train
009612,train
003365,train
006011,train
001397,train
008981,train
003861,train
003679,train
001774,train
005770,train
002322,train
004783,train
008923,train
007721,train
004715,train
009115,train
002115,train
005882,train
008582,train
001203,train
000321,train
004199,train
001103,train
001319,train
001047,train
000353,train
008430,train
000183,train
005694,train
009450,train
004929,train
008898,train
003922,train
003944,train
004953,train
007440,train
003396,train
008914,train
008351,train
002967,train
001289,train
006351,train
001230,train
001732,train
002300,train
004215,train
009561,train
007761,train
001356,train
003603,train
001138,train
004111,train
009592,train
003949,train
003988,train
002826,train
008142,train
003324,train
004230,train
001825,train
009923,train
009832,train
009307,train
008411,train
002992,train
003100,train
003085,train
007698,train
008328,train
004459,train
005779,train
006590,train
004271,train
006499,train
002654,train
009668,train
005131,train
006601,train
003847,train
005721,train
002959,train
004242,train
005588,train
000350,train
001917,train
005786,train
007946,train
009799,train
001898,train
005449,train
006462,train
000331,train
009658,train
003960,train
001197,train
007851,train
004639,train
001467,train
001304,train
003655,train
006752,train
004211,train
001358,train
001956,train
006917,train
005748,train
002980,train
003250,train
000741,train
004181,train
008233,train
003806,train
007196,train
002383,train
005486,train
009244,train
009437,train
005222,train
007610,train
007521,train
004452,train
005481,train
004518,train
000300,train
001742,train
008647,train
009876,train
004766,train
000255,train
004154,train
009686,train
000617,train
009569,train
005782,train
008341,train
007888,train
007768,train
002298,train
006983,train
001439,train
000891,train
007281,train
003989,train
007652,train
006662,train
003648,train
003791,train
003931,train
006091,train
005659,train
002944,train
009958,train
003572,train
001814,train
002016,train
006780,train
000039,train
008366,train
003508,train
008965,train
002985,train
009880,train
006037,train
007351,train
004785,train
008610,train
002689,train
003691,train
003980,train
007234,train
006188,train
000571,train
005599,train
000819,train
009319,train
001050,train
009572,train
005208,train
005944,train
004756,train
001617,train
008966,train
008255,train
007537,train
002381,train
008371,train
006667,train
003778,train
008231,train
000445,train
004647,train
001485,train
000938,train
009629,train
007583,train
001808,train
007320,train
005142,train
006205,train
009366,train
009394,train
008636,train
007017,train
001720,train
009374,train
000697,train
004485,train
004400,train
009552,train
004990,train
000041,train
000342,train
006563,train
006772,train
004547,train
005087,train
000091,train
005420,train
009176,train
008657,train
007707,train
004470,train
003203,train
005948,train
004984,train
004370,train
001280,train
003882,train
006725,train
003236,train
004954,train
009522,train
009237,train
000708,train
002468,train
002374,train
000869,train
009875,train
002930,train
007975,train
000372,train
004797,train
005240,train
000048,train
009833,train
000969,train
003190,train
000138,train
006083,train
003547,train
003313,train
003695,train
009110,train
003339,train
006806,train
008015,train
004710,train
000577,train
006910,train
008842,train
001458,train
008376,train
000600,train
000716,train
005985,train
005975,train
003761,train
000194,train
004996,train
009628,train
003565,train
004405,train
008615,train
006212,train
009161,train
009727,train
001726,train
009011,train
005555,train
004368,train
004407,train
001371,train
000786,train
008223,train
005013,train
002624,train
001577,train
002428,train
009952,train
003987,train
004959,train
004167,train
004213,train
003071,train
004234,train
000202,train
002316,train
009329,train
002101,train
005885,train
000928,train
005787,train
002629,train
006398,train
001997,train
005530,train
003650,train
002834,train
008330,train
009234,train
004598,train
008043,train
006486,train
008443,train
002404,train
005818,train
007185,train
009171,train
008957,train
009338,train
002862,train
006092,train
005186,train
004399,train
007198,train
009296,train
009134,train
004138,train
000558,train
008295,train
007464,train
008828,train
007676,train
002603,train
007004,train
002933,train
006120,train
005755,train
007331,train
002467,train
000416,train
006651,train
005949,train
008309,train
000327,train
001268,train
003820,train
002707,train
009791,train
006300,train
006021,train
005056,train
001065,train
002164,train
004559,train
009994,train
009792,train
000332,train
009047,train
009172,train
004209,train
009279,train
006813,train
000610,train
005969,train
007096,train
005097,train
001585,train
001609,train
006140,train
006233,train
009288,train
008959,train
005870,train
005657,train
001663,train
002058,train
009972,train
000440,train
004523,train
005289,train
007448,train
005790,train
003125,train
009479,train
007902,train
004185,train
005673,train
006828,train
004597,train
005382,train
008113,train
006500,train
005161,train
009604,train
006683,train
007614,train
001671,train
008705,train
007727,train
009078,train
002052,train
008718,train
005856,train
007739,train
001637,train
000463,train
009981,train
001190,train
003120,train
009340,train
007109,train
004282,train
005312,train
008672,train
002342,train
004373,train
003419,train
004674,train
004774,train
008011,train
005175,train
007326,train
000945,train
002640,train
004444,train
007670,train
001456,train
001086,train
008285,train
008311,train
005894,train
007016,train
001780,train
004534,train
002571,train
004487,train
008618,train
004196,train
008082,train
003381,train
008682,train
001092,train
003709,train
002409,train
002808,train
003259,train
002241,train
006133,train
006633,train
008336,train
003151,train
004129,train
006709,train
004965,train
004919,train
003173,train
000848,train
001051,train
001422,train
004739,train
001451,train
005176,train
006877,train
004793,train
006423,train
007357,train
007308,train
004344,train
009740,train
006061,train
001102,train
007788,train
004827,train
006713,train
009141,train
001009,train
004823,train
000380,train
006871,train
000882,train
005852,train
005416,train
003744,train
001766,train
005824,train
008866,train
001536,train
009755,train
007764,train
002083,train
007039,train
008557,train
001150,train
009706,train
006481,train
006758,train
007908,train
003062,train
004276,train
007665,train
002391,train
002909,train
002796,train
000017,train
008424,train
000798,train
000934,train
003707,train
005171,train
005687,train
008278,train
007258,train
004588,train
002719,train
007797,train
001826,train
009405,train
002976,train
002792,train
003737,train
008740,train
004606,train
004164,train
007037,train
005071,train
008213,train
007647,train
000001,train
008531,train
008731,train
000293,train
003377,train
005385,train
000840,train
000145,train
007268,train
000972,train
008205,train
003662,train
004083,train
005434,train
003670,train
004694,train
003638,train
006900,train
008937,train
001925,train
008119,train
003101,train
004509,train
009924,train
004152,train
000412,train
002278,train
002710,train
001973,train
009896,train
009566,train
006531,train
001354,train
007044,train
003844,train
004141,train
001285,train
000095,train
006431,train
005020,train
008481,train
007879,train
003152,train
002832,train
003947,train
002036,train
009262,train
006640,train
005938,train
005326,train
004252,train
002771,train
001834,train
007246,train
006313,train
004299,train
005713,train
002574,train
009640,train
006587,train
006258,train
003610,train
007280,train
000925,train
007453,train
003957,train
006110,train
000236,train
007276,train
002937,train
007913,train
006799,train
001484,train
005884,train
004660,train
006279,train
004839,train
003408,train
000849,train
008161,train
000480,train
007100,train
000926,train
009606,train
003454,train
007701,train
003159,train
002226,train
008569,train
003278,train
006952,train
006995,train
001498,train
009846,train
003052,train
000761,train
002197,train
005093,train
009487,train
009027,train
002692,train
008010,train
009834,train
000079,train
000375,train
000778,train
009840,train
003489,train
008164,train
006307,train
002380,train
007423,train
001431,train
000817,train
008893,train
003803,train
007008,train
002425,train
006249,train
001893,train
005278,train
002096,train
005839,train
005855,train
004191,train
008621,train
001221,train
004047,train
007835,train
000904,train
000729,train
000104,train
000022,train
001921,train
007782,train
009294,train
001701,train
006335,train
004490,train
000322,train
001313,train
008332,train
003356,train
002932,train
001652,train
004285,train
006315,train
006993,train
009347,train
008857,train
004077,train
000870,train
006808,train
005561,train
005477,train
008527,train
008358,train
000859,train
003431,train
008461,train
009033,train
008495,train
002211,train
005396,train
007252,train
008020,train
009780,train
006514,train
008753,train
006392,train
009138,train
008956,train
002070,train
006575,train
001012,train
008941,train
003639,train
007936,train
000948,train
000395,train
000161,train
008074,train
005545,train
000392,train
006422,train
007528,train
006589,train
004380,train
002095,train
005245,train
006614,train
005686,train
008798,train
003003,train
006959,train
001384,train
009388,train
004830,train
005966,train
001730,train
001074,train
001837,train
006294,train
000156,train
005428,train
001350,train
005533,train
002942,train
004015,train
005457,train
001096,train
005431,train
005667,train
004293,train
006768,train
009059,train
003734,train
002382,train
009630,train
007365,train
009634,train
001368,train
008242,train
004822,train
004123,train
008150,train
009232,train
001056,train
002556,train
007241,train
005778,train
002038,train
005133,train
000033,train
000146,train
001561,train
007872,train
002639,train
007774,train
007249,train
007832,train
004372,train
000309,train
009603,train
003140,train
009694,train
003514,train
005637,train
006322,train
005189,train
003552,train
008050,train
001060,train
000721,train
009926,train
001297,train
008433,train
008568,train
001715,train
008146,train
003703,train
000038,train
009416,train
005197,train
006802,train
001448,train
009267,train
009749,train
003994,train
000662,train
001477,train
009865,train
007497,train
006978,train
004664,train
007860,train
002807,train
001640,train
001125,train
009758,train
000442,train
003384,train
007568,train
006210,train
003126,train
008206,train
008816,train
001593,train
008859,train
000583,train
005084,train
004753,train
008012,train
006368,train
006747,train
003854,train
009802,train
003799,train
002408,train
004796,train
002134,train
009713,train
002714,train
003444,train
002515,train
001829,train
002910,train
006111,train
005651,train
005361,train
009364,train
006775,train
004579,train
005601,train
001048,train
003856,train
006874,train
002406,train
001483,train
009581,train
008435,train
001392,train
006867,train
008051,train
002936,train
005503,train
003897,train
005229,train
004379,train
008434,train
002811,train
008163,train
005689,train
004776,train
006281,train
009256,train
003314,train
003428,train
002125,train
006433,train
008980,train
009585,train
000208,train
006466,train
002618,train
007117,train
003310,train
006449,train
000465,train
001968,train
007907,train
001228,train
001543,train
002447,train
005336,train
008892,train
009617,train
009407,train
002663,train
006384,train
002264,train
008625,train
007615,train
009839,train
005888,train
007938,train
002315,train
004989,train
008128,train
006365,train
004599,train
003065,train
006181,train
004190,train
000060,train
008887,train
004788,train
003253,train
005108,train
004265,train
006128,train
002475,train
003823,train
001787,train
002064,train
007247,train
002856,train
008577,train
003471,train
009544,train
005265,train
006980,train
004983,train
007256,train
001833,train
008630,train
004924,train
007961,train
006568,train
001083,train
003883,train
000072,train
005864,train
007639,train
003354,train
005337,train
002204,train
001693,train
005551,train
001844,train
005303,train
001813,train
001755,train
008369,train
001334,train
006134,train
003166,train
009092,train
002335,train
006146,train
002118,train
001339,train
002820,train
002865,train
004516,train
007878,train
008024,train
001454,train
003654,train
005851,train
007923,train
008236,train
001981,train
000250,train
007861,train
001014,train
005205,train
009473,train
004137,train
003802,train
008040,train
009493,train
001631,train
006544,train
006087,train
006556,train
000270,train
002043,train
008901,train
009074,train
007785,train
006007,train
000237,train
009238,train
008009,train
001111,train
003304,train
004151,train
002548,train
000537,train
009578,train
007757,train
005983,train
003063,train
004231,train
003968,train
009734,train
007208,train
003618,train
001539,train
006502,train
005288,train
007425,train
003414,train
002207,train
002628,train
008805,train
007020,train
001100,train
001867,train
000804,train
007340,train
004027,train
007000,train
007713,train
002482,train
002767,train
000165,train
006196,train
005777,train
003892,train
000403,train
001946,train
006444,train
002715,train
003242,train
009385,train
003290,train
005577,train
008882,train
005064,train
001178,train
003301,train
002256,train
001410,train
007806,train
003875,train
004988,train
004686,train
003977,train
005364,train
009673,train
002163,train
003366,train
005768,train
008781,train
002343,train
009070,train
004609,train
006161,train
008354,train
004773,train
006670,train
004641,train
001214,train
009022,train
003395,train
000921,train
005883,train
005760,train
007417,train
005104,train
008177,train
003753,train
008556,train
002262,train
002671,train
007392,train
003255,train
009216,train
003179,train
006679,train
000548,train
002619,train
008539,train
004874,train
001211,train
009724,train
009939,train
009729,train
008873,train
009699,train
003468,train
006089,train
008384,train
001578,train
006581,train
007057,train
001416,train
006956,train
000985,train
001207,train
005081,train
005550,train
009456,train
004233,train
004679,train
004113,train
000284,train
003234,train
000646,train
006127,train
003901,train
001930,train
006644,train
003889,train
005628,train
009913,train
003429,train
004280,train
003171,train
006057,train
004535,train
001863,train
008782,train
008954,train
004435,train
002816,train
005473,train
007129,train
008269,train
005467,train
005705,train
001238,train
000504,train
004622,train
009662,train
001853,train
002157,train
003809,train
003602,train
002156,train
000365,train
006905,train
009751,train
003026,train
003124,train
007435,train
001514,train
003174,train
004457,train
005258,train
000746,train
006148,train
005415,train
004006,train
008087,train
003256,train
007383,train
000946,train
009499,train
000671,train
007646,train
005228,train
001399,train
009297,train
000210,train
000794,train
001635,train
003934,train
004916,train
007045,train
005423,train
008530,train
009563,train
009745,train
000031,train
008725,train
000446,train
001258,train
004021,train
004502,train
004683,train
006997,train
009605,train
000785,train
001945,train
006786,train
008911,train
005411,train
002173,train
004424,train
004539,train
009519,train
003352,train
008877,train
006440,train
008014,train
000829,train
000438,train
001286,train
003556,train
004975,train
001351,train
006687,train
008437,train
000253,train
005956,train
006893,train
005026,train
004866,train
002768,train
006202,train
004481,train
006099,train
001318,train
009325,train
001393,train
002800,train
000607,train
008554,train
002139,train
002610,train
000164,train
002415,train
000273,train
000603,train
008910,train
001332,train
001847,train
005629,train
005332,train
004735,train
007412,train
000830,train
003074,train
004473,train
008927,train
003102,train
007060,train
003391,train
006931,train
003437,train
007313,train
006427,train
000394,train
000010,train
000885,train
008249,train
002871,train
000555,train
005678,train
002044,train
006982,train
002172,train
007733,train
003658,train
002750,train
006803,train
005488,train
005807,train
008392,train
005211,train
009404,train
002617,train
002841,train
001949,train
000637,train
008507,train
001152,train
008480,train
000852,train
009186,train
005239,train
007704,train
005008,train
002606,train
009117,train
001491,train
000265,train
004648,train
003207,train
004692,train
007694,train
000014,train
007763,train
007575,train
002412,train
006552,train
007723,train
003099,train
001436,train
004824,train
005452,train
006260,train
002923,train
005027,train
005681,train
004603,train
007299,train
001427,train
002599,train
005318,train
003991,train
008780,train
003578,train
009837,train
001117,train
002642,train
008768,train
002757,train
000827,train
004800,train
006836,train
008523,train
005771,train
007696,train
000594,train
002989,train
004311,train
000908,train
006885,train
008457,train
004805,train
008002,train
000179,train
000487,train
007748,train
001453,train
008993,train
002791,train
001068,train
001650,train
006278,train
007171,train
006555,train
003915,train
007257,train
000163,train
001792,train
004928,train
001905,train
000460,train
000739,train
000310,train
004017,train
006343,train
008870,train
007318,train
004032,train
001542,train
004612,train
006620,train
004617,train
004650,train
002880,train
007995,train
005762,train
009250,train
007488,train
009252,train
005714,train
008536,train
009255,train
001937,train
009123,train
001423,train
002906,train
007773,train
004716,train
001797,train
000458,train
007386,train
002183,train
001975,train
008535,train
008184,train
007867,train
009941,train
001906,train
007356,train
002928,train
004337,train
006286,train
000479,train
002301,train
006321,train
001794,train
009060,train
006869,train
000213,train
006990,train
002215,train
007444,train
008171,train
004115,train
006712,train
002818,train
003970,train
008491,train
009199,train
007456,train
005843,train
007596,train
000159,train
008694,train
005167,train
009546,train
004307,train
005264,train
007846,train
007545,train
006339,train
006390,train
008102,train
000718,train
007490,train
007015,train
004511,train
003375,train
004086,train
009823,train
005302,train
008811,train
005054,train
008537,train
006833,train
000283,train
001217,train
003653,train
007996,train
002252,train
001533,train
001758,train
008172,train
006409,train
003495,train
005596,train
006494,train
009752,train
006406,train
003235,train
009335,train
003548,train
006609,train
001376,train
008140,train
003776,train
008846,train
008187,train
006921,train
008997,train
001055,train
003632,train
007600,train
001619,train
000528,train
007628,train
000614,train
002120,train
004801,train
004770,train
000688,train
005281,train
005163,train
005622,train
003049,train
008116,train
008451,train
007463,train
001820,train
007667,train
007279,train
000994,train
009744,train
000834,train
006846,train
000775,train
002046,train
006987,train
009937,train
003704,train
003312,train
000254,train
009991,train
008752,train
002448,train
006489,train
000401,train
004206,train
006536,train
008634,train
007603,train
005825,train
008794,train
008253,train
002685,train
001761,train
000330,train
004942,train
005708,train
008391,train
009037,train
007720,train
009951,train
000740,train
009249,train
009677,train
003795,train
007106,train
006613,train
001700,train
002935,train
004390,train
000989,train
003330,train
002572,train
007377,train
006831,train
006856,train
000865,train
001273,train
000892,train
004789,train
007021,train
001660,train
000611,train
001913,train
002227,train
003708,train
002605,train
002672,train
006024,train
005740,train
007577,train
008277,train
002138,train
002389,train
001939,train
009228,train
005426,train
003563,train
007974,train
007769,train
004848,train
000613,train
003230,train
005220,train
001093,train
006738,train
008429,train
009983,train
000695,train
006435,train
009540,train
003051,train
005741,train
003383,train
004257,train
001896,train
008951,train
006608,train
002292,train
005829,train
009184,train
000490,train
004030,train
003439,train
001951,train
004340,train
008345,train
000851,train
002519,train
006985,train
009283,train
003082,train
007572,train
006217,train
000011,train
006320,train
009602,train
006759,train
005209,train
007898,train
004436,train
001908,train
000195,train
003359,train
007306,train
008912,train
002008,train
008661,train
007322,train
006000,train
001600,train
004041,train
008953,train
003016,train
003800,train
007399,train
005101,train
007717,train
002489,train
004618,train
002388,train
001643,train
003022,train
000065,train
003741,train
007137,train
000707,train
006599,train
002545,train
002312,train
003810,train
000564,train
003284,train
006287,train
004225,train
001828,train
007194,train
000431,train
005515,train
004112,train
006342,train
003054,train
004682,train
008306,train
008876,train
002620,train
007323,train
003409,train
006935,train
002636,train
001839,train
003435,train
005371,train
006344,train
005849,train
004529,train
000289,train
001466,train
008329,train
003137,train
008248,train
003864,train
009227,train
002003,train
008720,train
000360,train
000021,train
004168,train
006068,train
001871,train
000944,train
007735,train
005522,train
004701,train
008745,train
002089,train
008631,train
003012,train
006329,train
008601,train
006880,train
000454,train
008986,train
006706,train
009589,train
004064,train
000631,train
005140,train
004723,train
005835,train
002154,train
000523,train
009639,train
002228,train
006459,train
007799,train
000240,train
006319,train
000967,train
006004,train
006617,train
006605,train
006632,train
006541,train
001367,train
002123,train
005904,train
004237,train
004284,train
002840,train
009218,train
001342,train
000092,train
007547,train
007882,train
005799,train
000103,train
000978,train
008283,train
006067,train
005390,train
006075,train
008626,train
002533,train
000450,train
004987,train
005015,train
007641,train
009535,train
008862,train
000706,train
008749,train
008726,train
006778,train
005979,train
003583,train
005723,train
002540,train
000541,train
005268,train
005579,train
007235,train
009879,train
005196,train
004804,train
003200,train
002676,train
004394,train
001272,train
007369,train
004188,train
007250,train
008519,train
000684,train
008444,train
001250,train
006472,train
009093,train
004395,train
005247,train
006542,train
007524,train
005749,train
003469,train
007638,train
009072,train
004104,train
005837,train
005149,train
002346,train
006950,train
003260,train
008284,train
000326,train
001767,train
008512,train
000112,train
000553,train
004811,train
009910,train
000597,train
006310,train
003858,train
008970,train
001415,train
005594,train
006692,train
002993,train
003447,train
004656,train
003168,train
001081,train
002592,train
007049,train
000098,train
004327,train
000581,train
007535,train
007436,train
009759,train
009757,train
000923,train
003161,train
006736,train
007393,train
006420,train
000447,train
005293,train
002421,train
003209,train
008459,train
009782,train
004174,train
004971,train
004241,train
001683,train
008573,train
005393,train
000219,train
006898,train
009433,train
002334,train
004977,train
008007,train
009690,train
004923,train
009644,train
007746,train
000690,train
009155,train
002268,train
002029,train
008064,train
007192,train
003517,train
002879,train
006740,train
005980,train
004829,train
001008,train
006164,train
008469,train
007862,train
007755,train
007520,train
003624,train
005624,train
005046,train
003372,train
009310,train
006129,train
005145,train
001745,train
007374,train
002876,train
003605,train
001344,train
006550,train
009498,train
000069,train
004614,train
009678,train
000560,train
001170,train
006858,train
007602,train
001090,train
006169,train
008654,train
003135,train
001123,train
007181,train
003011,train
002566,train
009303,train
000839,train
005986,train
000731,train
009263,train
001875,train
000580,train
003913,train
001082,train
005685,train
003459,train
000987,train
002814,train
008774,train
008356,train
000076,train
003645,train
005570,train
004255,train
001852,train
008053,train
006630,train
000638,train
008428,train
001748,train
000008,train
000779,train
009275,train
000747,train
005369,train
003516,train
007512,train
006186,train
005729,train
009843,train
002502,train
005124,train
003246,train
008301,train
001355,train
005315,train
005443,train
003046,train
000675,train
002051,train
002952,train
007341,train
000764,train
002244,train
001302,train
007499,train
005324,train
007640,train
005640,train
008516,train
003504,train
000005,train
003739,train
009193,train
001294,train
001017,train
000133,train
003764,train
007116,train
008650,train
009280,train
000376,train
000396,train
006244,train
005591,train
008641,train
006457,train
003975,train
004637,train
001069,train
004734,train
004483,train
002766,train
002323,train
002644,train
007592,train
004052,train
008286,train
003519,train
001784,train
009855,train
004378,train
006973,train
007058,train
002934,train
005712,train
007687,train
005200,train
003755,train
005987,train
000763,train
007328,train
006341,train
000020,train
004767,train
002681,train
003998,train
003724,train
003023,train
005691,train
002279,train
008455,train
008065,train
003300,train
007086,train
006298,train
006509,train
005190,train
008514,train
003702,train
009111,train
003393,train
009547,train
002201,train
009688,train
007506,train
001164,train
006805,train
003217,train
009811,train
006237,train
006685,train
002638,train
005827,train
001198,train
009953,train
001087,train
005746,train
001039,train
007895,train
002271,train
000485,train
003371,train
006436,train
006144,train
001110,train
000780,train
005564,train
004214,train
002190,train
007502,train
008832,train
002397,train
005767,train
002651,train
001379,train
004413,train
008025,train
002302,train
008048,train
002873,train
008476,train
000486,train
006598,train
008570,train
001692,train
006429,train
006968,train
005047,train
001359,train
003507,train
009698,train
004999,train
006864,train
002872,train
005645,train
004816,train
006042,train
006641,train
001719,train
001941,train
006650,train
007390,train
007403,train
003596,train
000712,train
002855,train
002152,train
007839,train
000264,train
009055,train
007558,train
006155,train
007731,train
008623,train
000838,train
003482,train
009770,train
009417,train
003615,train
005889,train
006225,train
000340,train
006199,train
004440,train
003005,train
007914,train
006349,train
002194,train
006796,train
007661,train
000927,train
006771,train
004503,train
004057,train
009045,train
007709,train
006082,train
004633,train
003746,train
006395,train
001377,train
008109,train
004404,train
001841,train
002251,train
000267,train
008449,train
001806,train
006234,train
006519,train
000252,train
004631,train
007221,train
001370,train
004003,train
003636,train
005817,train
009204,train
004028,train
005609,train
007789,train
008946,train
005349,train
007663,train
004600,train
008522,train
007255,train
001598,train
008600,train
003969,train
000078,train
002941,train
008362,train
005074,train
008237,train
002577,train
001532,train
001149,train
002366,train
009523,train
001366,train
004545,train
009321,train
005285,train
006773,train
004402,train
005206,train
008635,train
007134,train
003465,train
009536,train
009829,train
009343,train
004885,train
006948,train
003182,train
004184,train
001158,train
005680,train
003058,train
001499,train
009728,train
002501,train
001954,train
000965,train
002565,train
008125,train
007531,train
000694,train
004834,train
005033,train
002436,train
006558,train
005783,train
007426,train
006666,train
001413,train
005057,train
007040,train
002883,train
002850,train
000935,train
007189,train
003215,train
005007,train
003183,train
007085,train
002567,train
005235,train
004323,train
004009,train
005494,train
002149,train
000933,train
003748,train
001614,train
002670,train
008121,train
008533,train
006941,train
006549,train
000833,train
004729,train
000512,train
006520,train
009501,train
007664,train
008710,train
002280,train
001685,train
001759,train
005773,train
000036,train
009496,train
003518,train
008765,train
003682,train
001616,train
005030,train
006040,train
000239,train
003240,train
003540,train
005384,train
005246,train
007813,train
001511,train
005158,train
003318,train
006535,train
009119,train
003785,train
009680,train
004586,train
002711,train
008344,train
004521,train
001429,train
004227,train
001998,train
007526,train
001346,train
006554,train
005547,train
008532,train
005308,train
009339,train
000185,train
000942,train
005822,train
006637,train
000366,train
002459,train
000550,train
007510,train
003706,train
005707,train
005914,train
003589,train
000799,train
003900,train
006884,train
003956,train
007069,train
001694,train
006424,train
003730,train
002810,train
002555,train
002853,train
009797,train
005981,train
006810,train
000950,train
000703,train
003407,train
002420,train
000856,train
009298,train
000201,train
002825,train
008609,train
004099,train
007986,train
004821,train
005566,train
006327,train
007452,train
003204,train
003064,train
003651,train
007494,train
008744,train
005633,train
004755,train
009461,train
007971,train
007402,train
008974,train
001818,train
002119,train
007376,train
008441,train
000867,train
003526,train
006522,train
002716,train
006165,train
003273,train
005298,train
008915,train
005284,train
004613,train
007525,train
005019,train
005300,train
001362,train
002908,train
005445,train
005387,train
008174,train
007151,train
000895,train
000696,train
005227,train
008685,train
004398,train
006654,train
005747,train
007730,train
007771,train
000301,train
004453,train
003426,train
005666,train
008372,train
009063,train
007754,train
004769,train
003925,train
007505,train
008454,train
008382,train
003088,train
008906,train
003466,train
005859,train
001262,train
005395,train
002069,train
009815,train
002480,train
009013,train
008716,train
007343,train
005513,train
003351,train
006513,train
006518,train
007542,train
008257,train
000566,train
007729,train
008203,train
002386,train
006534,train
003591,train
001717,train
008658,train
003781,train
005957,train
000220,train
009997,train
006288,train
005584,train
001473,train
008473,train
004851,train
001636,train
008323,train
008587,train
002990,train
003218,train
007473,train
007625,train
008562,val
003080,val
002669,val
001985,val
006405,val
004717,val
009322,val
005184,val
005693,val
006020,val
002387,val
008190,val
007183,val
001455,val
009200,val
007892,val
001645,val
005695,val
008802,val
007501,val
007492,val
001115,val
004869,val
005333,val
006746,val
006680,val
008793,val
002742,val
003606,val
002699,val
008072,val
007118,val
009517,val
006894,val
002721,val
009181,val
007745,val
002495,val
007604,val
008861,val
009151,val
001601,val
005051,val
004864,val
009814,val
008764,val
007951,val
002020,val
002061,val
002958,val
007807,val
006411,val
007944,val
008044,val
003449,val
002260,val
003560,val
001369,val
000518,val
007360,val
004039,val
002198,val
002466,val
002202,val
009582,val
008538,val
007388,val
005614,val
009514,val
004268,val
004685,val
008273,val
008865,val
005937,val
008334,val
006382,val
008620,val
003389,val
002390,val
000101,val
009268,val
007518,val
002657,val
006426,val
004899,val
004890,val
000762,val
004540,val
002899,val
000734,val
000215,val
000846,val
008200,val
004197,val
004544,val
009794,val
003676,val
008126,val
009986,val
008505,val
001085,val
000837,val
008385,val
006236,val
002948,val
003643,val
002525,val
007858,val
000749,val
008462,val
002954,val
009095,val
003191,val
007168,val
009567,val
005192,val
009462,val
005830,val
003112,val
001263,val
002195,val
008579,val
008108,val
005841,val
002018,val
009820,val
009028,val
008261,val
009636,val
000702,val
003113,val
005412,val
004799,val
009065,val
001521,val
003537,val
003075,val
009700,val
002914,val
008622,val
004019,val
003690,val
006418,val
002239,val
008806,val
000242,val
002673,val
006336,val
007394,val
004879,val
005028,val
009293,val
004957,val
002790,val
000622,val
006870,val
001901,val
003580,val
000800,val
000439,val
002833,val
006106,val
009154,val
000642,val
005932,val
005646,val
008677,val
007324,val
006059,val
006189,val
003144,val
002717,val
004428,val
008390,val
003187,val
006958,val
006837,val
004642,val
001969,val
007636,val
008921,val
008054,val
000630,val
009506,val
006724,val
005838,val
006723,val
006162,val
008084,val
009867,val
008741,val
008575,val
002576,val
006966,val
001469,val
008422,val
005391,val
008490,val
004448,val
009764,val
005606,val
009726,val
000381,val
002220,val
003895,val
004643,val
005671,val
007111,val
001731,val
008732,val
000348,val
007674,val
009516,val
007028,val
004635,val
008039,val
006425,val
005283,val
003554,val
009970,val
004094,val
000677,val
009836,val
005757,val
000077,val
005216,val
000459,val
009795,val
004527,val
007427,val
003106,val
003320,val
000765,val
009861,val
006222,val
005323,val
008729,val
009393,val
000660,val
006945,val
006783,val
005603,val
002457,val
001850,val
005711,val
001992,val
004628,val
003760,val
003326,val
003056,val
009185,val
003251,val
007327,val
002189,val
002903,val
009441,val
008787,val
004312,val
005077,val
001572,val
009049,val
001219,val
007794,val
000789,val
000876,val
001468,val
006604,val
009966,val
005521,val
005716,val
006661,val
009648,val
000140,val
002348,val
004388,val
002250,val
005916,val
008219,val
000137,val
000097,val
003369,val
004519,val
004359,val
000054,val
007980,val
003996,val
008750,val
003958,val
008057,val
005462,val
005224,val
008936,val
000495,val
008092,val
003735,val
004142,val
001791,val
000074,val
001237,val
008747,val
000556,val
001895,val
005166,val
008055,val
007859,val
003378,val
000052,val
008104,val
000397,val
005474,val
006701,val
000608,val
006936,val
009977,val
000277,val
004292,val
000481,val
005257,val
004441,val
008860,val
001507,val
008989,val
008724,val
005900,val
009549,val
001386,val
009331,val
009018,val
006002,val
001378,val
003775,val
004018,val
006058,val
005256,val
009109,val
009990,val
008258,val
006253,val
002108,val
002765,val
005610,val
005362,val
004510,val
004090,val
002013,val
006826,val
004667,val
009731,val
001884,val
002702,val
001607,val
001248,val
002418,val
003420,val
005898,val
004744,val
004784,val
008110,val
009907,val
008948,val
008207,val
006072,val
001812,val
009156,val
004608,val
000374,val
003390,val
002563,val
003036,val
001664,val
002623,val
006879,val
007418,val
008878,val
005918,val
006576,val
000807,val
008924,val
009769,val
007231,val
004200,val
002946,val
007732,val
008226,val
002943,val
008703,val
009600,val
003819,val
003118,val
002318,val
006353,val
009482,val
004522,val
007877,val
009789,val
001675,val
007829,val
008888,val
005698,val
001987,val
009841,val
007519,val
009819,val
009595,val
006074,val
001556,val
001735,val
008675,val
002483,val
002727,val
007122,val
001711,val
003927,val
001777,val
004578,val
005500,val
008515,val
008347,val
006239,val
007906,val
001541,val
000596,val
007156,val
000323,val
004939,val
004955,val
005518,val
003089,val
002199,val
008827,val
001560,val
006794,val
005935,val
004387,val
009503,val
003039,val
009645,val
003684,val
007899,val
005297,val
007865,val
001665,val
009622,val
009098,val
003181,val
001098,val
004341,val
004565,val
008035,val
003380,val
004607,val
007635,val
003793,val
006600,val
001182,val
005796,val
007024,val
008546,val
001846,val
006957,val
001974,val
003879,val
004406,val
009050,val
001506,val
003083,val
002456,val
001222,val
003344,val
003410,val
005704,val
002611,val
004296,val
006437,val
009071,val
005499,val
005270,val
002821,val
000384,val
004060,val
004553,val
003499,val
005560,val
005128,val
007901,val
007467,val
008733,val
009458,val
008517,val
004560,val
000499,val
008448,val
002461,val
003387,val
001810,val
004270,val
007546,val
001173,val
009100,val
002472,val
009217,val
008474,val
007910,val
008133,val
006328,val
004898,val
004730,val
002612,val
009101,val
008908,val
007507,val
009241,val
001918,val
009073,val
004127,val
001147,val
000462,val
006357,val
008755,val
006179,val
001779,val
004421,val
001919,val
009420,val
009822,val
000362,val
006066,val
002004,val
008141,val
007810,val
009015,val
005505,val
004897,val
009995,val
000275,val
004865,val
000826,val
000551,val
001688,val
001971,val
009666,val
007283,val
009637,val
009895,val
005037,val
003434,val
005408,val
006631,val
000263,val
000924,val
006270,val
005939,val
007169,val
001544,val
002258,val
001270,val
002835,val
003773,val
007683,val
001881,val
009130,val
003107,val
004357,val
003474,val
009163,val
005890,val
008513,val
009188,val
007804,val
000186,val
006194,val
000028,val
006838,val
009999,val
008560,val
001043,val
008904,val
008058,val
004401,val
001462,val
000971,val
002848,val
007047,val
005353,val
001089,val
004417,val
007164,val
009788,val
005592,val
000657,val
003077,val
003092,val
009936,val
007513,val
009866,val
008736,val
003133,val
007301,val
003067,val
009525,val
007841,val
009619,val
005255,val
006273,val
001109,val
008581,val
001474,val
008674,val
002351,val
000259,val
003867,val
000565,val
008335,val
000493,val
004433,val
000522,val
005737,val
002822,val
009824,val
008077,val
000598,val
004737,val
001785,val
006109,val
000024,val
006688,val
002084,val
003243,val
000178,val
009948,val
002524,val
006610,val
009315,val
003787,val
004577,val
009097,val
004619,val
003742,val
003403,val
004204,val
001080,val
003714,val
000455,val
009413,val
003649,val
004180,val
007363,val
008220,val
004004,val
004777,val
005872,val
001682,val
005572,val
000952,val
003619,val
009398,val
006999,val
002687,val
001347,val
001227,val
008130,val
004691,val
001656,val
008148,val
007396,val
004486,val
006789,val
000505,val
008995,val
004621,val
007514,val
000639,val
002963,val
005765,val
004326,val
007741,val
007965,val
000670,val
006450,val
007152,val
004880,val
006182,val
009494,val
002027,val
006241,val
001789,val
006763,val
005440,val
006569,val
004403,val
006204,val
003857,val
007477,val
009947,val
005750,val
003406,val
008357,val
004962,val
006125,val
009006,val
001254,val
003917,val
001094,val
001795,val
001809,val
005035,val
003010,val
008760,val
009386,val
008801,val
007762,val
000961,val
007930,val
009967,val
006306,val
009428,val
009081,val
007332,val
007562,val
004116,val
005620,val
007760,val
008170,val
008314,val
003812,val
000968,val
005470,val
009378,val
001935,val
005675,val
002945,val
005354,val
008193,val
000093,val
004693,val
005921,val
009190,val
008602,val
002700,val
002187,val
006174,val
003659,val
008297,val
003142,val
002136,val
000055,val
002032,val
007666,val
002650,val
007848,val
001151,val
001513,val
000781,val
008553,val
003283,val
008804,val
008063,val
004221,val
003503,val
006774,val
003321,val
007348,val
005232,val
007013,val
005004,val
001437,val
008754,val
006203,val
005524,val
004651,val
002416,val
006477,val
002761,val
006034,val
000115,val
001525,val
005886,val
002107,val
009847,val
003759,val
005989,val
008059,val
002708,val
000922,val
009286,val
001579,val
002235,val
003834,val
008106,val
009278,val
008759,val
007688,val
007284,val
004046,val
008899,val
004450,val
005253,val
003722,val
002331,val
002744,val
007605,val
000879,val
004937,val
004652,val
009222,val
000075,val
000306,val
007182,val
002371,val
007586,val
007145,val
006135,val
007672,val
001526,val
004058,val
006454,val
003252,val
006850,val
000297,val
007533,val
007650,val
001440,val
006861,val
007227,val
003423,val
001434,val
007548,val
007481,val
000305,val
008913,val
009180,val
005923,val
006051,val
004383,val
008880,val
008585,val
005343,val
000732,val
006297,val
007437,val
000484,val
005291,val
002338,val
002631,val
008198,val
006192,val
009029,val
005329,val
003911,val
003896,val
009168,val
007214,val
007659,val
005348,val
003333,val
008350,val
009484,val
004508,val
009062,val
001126,val
006314,val
005580,val
009399,val
003869,val
008855,val
009828,val
003385,val
000820,val
008268,val
001907,val
005226,val
001848,val
004350,val
007415,val
005487,val
000415,val
001986,val
001960,val
008381,val
006069,val
005043,val
000894,val
008840,val
002225,val
005703,val
004604,val
007643,val
002221,val
004412,val
006782,val
001655,val
001752,val
003924,val
006122,val
002100,val
005373,val
003623,val
009114,val
002837,val
000647,val
008399,val
007825,val
002356,val
009810,val
002379,val
001199,val
006591,val
006332,val
007820,val
008566,val
006704,val
008612,val
007338,val
003110,val
004449,val
005542,val
004697,val
009725,val
002357,val
008939,val
005911,val
006515,val
007655,val
007648,val
004591,val
002857,val
003930,val
002597,val
004005,val
005775,val
009054,val
007970,val
005774,val
002367,val
006317,val
002438,val
007712,val
001842,val
002445,val
004571,val
002285,val
002019,val
008259,val
001575,val
003966,val
004997,val
008925,val
005679,val
006583,val
005269,val
008000,val
005905,val
007107,val
006324,val
005536,val
008608,val
008690,val
008225,val
004367,val
007472,val
003765,val
001418,val
007837,val
002570,val
003086,val
009898,val
008497,val
005424,val
009608,val
004594,val
008395,val
004249,val
001131,val
005781,val
008325,val
005958,val
006027,val
006949,val
007150,val
003863,val
007540,val
005009,val
006348,val
004110,val
003361,val
001670,val
005656,val
003382,val
001240,val
003430,val
002569,val
008678,val
000155,val
001562,val
000900,val
005738,val
007767,val
004690,val
009553,val
001984,val
009306,val
008504,val
008968,val
009559,val
006890,val
006345,val
005076,val
009538,val
005152,val
004294,val
001396,val
003935,val
004780,val
009359,val
005909,val
008687,val
004731,val
004738,val
006358,val
007963,val
006413,val
005370,val
007922,val
002175,val
003887,val
009857,val
000218,val
005154,val
005636,val
009556,val
005941,val
007362,val
006527,val
002520,val
009082,val
003412,val
008027,val
008676,val
005519,val
002713,val
003017,val
000136,val
006682,val
003890,val
002455,val
004611,val
005805,val
008211,val
004360,val
004175,val
008712,val
008401,val
002755,val
004863,val
002451,val
006902,val
006056,val
009620,val
003219,val
001331,val
002609,val
005022,val
007629,val
002686,val
001145,val
004223,val
009057,val
004966,val
001220,val
008773,val
004254,val
003880,val
006586,val
002728,val
005845,val
009712,val
000318,val
000371,val
000329,val
008483,val
003288,val
004170,val
004935,val
001630,val
001181,val
006184,val
002995,val
007691,val
009320,val
002777,val
008083,val
008909,val
003057,val
003226,val
000792,val
007987,val
001054,val
000973,val
005005,val
009162,val
008704,val
006760,val
002291,val
004504,val
006261,val
003689,val
004130,val
009586,val
000602,val
002364,val
004532,val
002969,val
001594,val
004602,val
004671,val
000419,val
003281,val
000370,val
002997,val
003303,val
006257,val
002996,val
005959,val
002166,val
007229,val
001097,val
003530,val
000880,val
006940,val
000066,val
004396,val
009904,val
003855,val
005509,val
005359,val
006904,val
007228,val
004894,val
004054,val
002304,val
008181,val
000398,val
002890,val
004778,val
001762,val
001972,val
007919,val
003745,val
004140,val
003221,val
007743,val
000737,val
000189,val
004074,val
008510,val
007201,val
004085,val
009183,val
004216,val
008158,val
004081,val
001305,val
006251,val
001555,val
002561,val
005907,val
004732,val
007649,val
002682,val
006664,val
001308,val
008466,val
008246,val
009746,val
002033,val
003425,val
005041,val
007079,val
003146,val
009787,val
002377,val
000414,val
000793,val
001154,val
002030,val
009177,val
002191,val
001003,val
003821,val
001980,val
002614,val
001739,val
008863,val
002142,val
008769,val
005658,val
005231,val
005121,val
002353,val
009869,val
003342,val
007609,val
009261,val
006809,val
007202,val
002589,val
000981,val
001195,val
008770,val
004873,val
009530,val
009996,val
007912,val
008961,val
004745,val
008159,val
000496,val
008414,val
003453,val
004336,val
008679,val
009201,val
000464,val
000674,val
005531,val
002804,val
002526,val
002762,val
009510,val
008597,val
002050,val
004496,val
003216,val
004105,val
001292,val
004653,val
005669,val
003694,val
005286,val
002653,val
009742,val
009165,val
002507,val
002034,val
000907,val
009719,val
007088,val
002114,val
002981,val
002102,val
005644,val
007632,val
007372,val
008592,val
005194,val
002053,val
001208,val
006708,val
008748,val
007842,val
008853,val
009626,val
001077,val
001412,val
002126,val
009411,val
006044,val
009253,val
009346,val
008094,val
009609,val
002275,val
003292,val
009480,val
009381,val
005922,val
002852,val
002580,val
004914,val
004757,val
001063,val
005692,val
005236,val
001438,val
007292,val
002828,val
007406,val
009225,val
009402,val
002009,val
003279,val
008047,val
004678,val
003515,val
007311,val
004264,val
004288,val
001929,val
006340,val
008176,val
003048,val
000424,val
009087,val
004089,val
004566,val
005150,val
006521,val
006012,val
002255,val
001259,val
007273,val
006095,val
006077,val
007371,val
002513,val
000530,val
006272,val
005933,val
006001,val
003866,val
001101,val
009034,val
000570,val
009670,val
002339,val
008800,val
009884,val
005952,val
006655,val
009196,val
000939,val
004498,val
007126,val
005776,val
008655,val
007325,val
005759,val
007272,val
002730,val
006981,val
009469,val
005021,val
004843,val
005372,val
001311,val
009817,val
005262,val
004813,val
002956,val
008664,val
008983,val
006955,val
001353,val
004369,val
009753,val
008151,val
008129,val
003060,val
005554,val
006334,val
007204,val
006553,val
007159,val
006029,val
002039,val
004476,val
005438,val
000783,val
005848,val
004687,val
003131,val
000599,val
004150,val
007756,val
006524,val
005080,val
005170,val
000686,val
003268,val
000717,val
003302,val
004807,val
000605,val
007498,val
001033,val
002209,val
002986,val
007840,val
009477,val
008984,val
009019,val
008943,val
000726,val
002185,val
005447,val
001698,val
003950,val
005649,val
001106,val
005850,val
000266,val
004155,val
006116,val
006338,val
000713,val
007702,val
006397,val
009375,val
008316,val
008593,val
001108,val
005908,val
009299,val
003068,val
006825,val
003941,val
005780,val
000025,val
007032,val
004772,val
002352,val
003963,val
000269,val
008189,val
008684,val
001029,val
007489,val
008709,val
003906,val
000782,val
001996,val
004934,val
003893,val
009187,val
001821,val
006934,val
002449,val
003533,val
008613,val
000311,val
001298,val
000086,val
007349,val
007685,val
002273,val
007740,val
009526,val
000627,val
002254,val
002392,val
005493,val
001623,val
005221,val
000461,val
003678,val
006142,val
001337,val
006326,val
003862,val
009853,val
008224,val
006495,val
000872,val
008869,val
000436,val
005727,val
007391,val
003637,val
001502,val
007167,val
009505,val
008410,val
007361,val
004469,val
002626,val
001374,val
004670,val
002042,val
008452,val
009369,val
006081,val
007873,val
000854,val
004096,val
009449,val
003271,val
002655,val
006859,val
008239,val
006256,val
009655,val
009401,val
007218,val
006026,val
003178,val
007684,val
005070,val
003918,val
003833,val
007355,val
004668,test
007277,test
003891,test
005968,test
006731,test
009625,test
007170,test
002712,test
002962,test
002658,test
002527,test
006172,test
002147,test
005517,test
000618,test
009856,test
001657,test
004846,test
001264,test
002538,test
002253,test
003711,test
003145,test
007967,test
005598,test
003509,test
002953,test
005060,test
005940,test
000298,test
008639,test
008331,test
006937,test
001531,test
002093,test
005381,test
006171,test
005072,test
001388,test
002112,test
006421,test
005082,test
005731,test
002317,test
001335,test
005461,test
002463,test
004128,test
004655,test
006333,test
001548,test
005401,test
001079,test
005482,test
000857,test
005543,test
006697,test
006347,test
009061,test
006108,test
005962,test
002600,test
007199,test
009159,test
004059,test
000641,test
002827,test
008266,test
001381,test
005626,test
001695,test
009192,test
001013,test
009448,test
008214,test
007792,test
005267,test
003084,test
007368,test
009348,test
007581,test
006299,test
008307,test
008907,test
001257,test
004703,test
006041,test
000932,test
000616,test
007404,test
007565,test
009508,test
001215,test
008312,test
005766,test
000920,test
004500,test
004961,test
009144,test
007682,test
001118,test
007205,test
002473,test
005179,test
005295,test
007354,test
007601,test
008095,test
002902,test
001234,test
009854,test
002842,test
003232,test
004193,test
002399,test
009614,test
003871,test
002419,test
005752,test
005724,test
003176,test
008355,test
001868,test
008363,test
001251,test
002754,test
005456,test
009287,test
005562,test
005083,test
008950,test
001288,test
008584,test
006560,test
007138,test
009285,test
001734,test
007155,test
001443,test
005928,test
007538,test
002815,test
005321,test
000341,test
006636,test
001887,test
004743,test
006843,test
006626,test
007033,test
005129,test
001275,test
009334,test
000307,test
007147,test
000693,test
006505,test
001180,test
005802,test
008196,test
008944,test
006229,test
002116,test
002878,test
007055,test
008149,test
000126,test
001965,test
005375,test
004742,test
004186,test
002248,test
003460,test
004938,test
003349,test
000125,test
000897,test
006475,test
003612,test
000744,test
005053,test
008633,test
007972,test
004640,test
001816,test
009524,test
005655,test
001864,test
008394,test
003531,test
004475,test
006785,test
009107,test
007957,test
006947,test
007259,test
004458,test
001336,test
000815,test
009717,test
002549,test
000861,test
001391,test
008996,test
005105,test
006062,test
002578,test
005585,test
008874,test
006878,test
006163,test
003524,test
008691,test
001503,test
000502,test
002324,test
001140,test
006566,test
002347,test
002972,test
000100,test
005751,test
005567,test
005062,test
004477,test
002955,test
009103,test
004381,test
000430,test
007030,test
003705,test
009583,test
001882,test
006022,test
005736,test
001773,test
003674,test
007900,test
002535,test
003485,test
008313,test
009663,test
005761,test
005119,test
008971,test
000842,test
006929,test
005793,test
009900,test
002002,test
005400,test
000982,test
002131,test
006105,test
001582,test
007075,test
009089,test
001398,test
009139,test
001099,test
007770,test
002500,test
006132,test
004176,test
008766,test
006992,test
005120,test
001557,test
006815,test
006532,test
007430,test
005553,test
006779,test
003743,test
007398,test
007046,test
003522,test
009370,test
001624,test
007048,test
008282,test
009864,test
004831,test
008692,test
006240,test
005327,test
004505,test
002067,test
001076,test
002430,test
005277,test
001323,test
001204,test
007267,test
008032,test
001768,test
006984,test
006580,test
007847,test
000996,test
000510,test
007504,test
009351,test
008543,test
000710,test
003629,test
008254,test
007405,test
001786,test
008408,test
005931,test
007344,test
007802,test
001041,test
001862,test
008619,test
006897,test
002076,test
000858,test
004347,test
002854,test
000258,test
005304,test
003898,test
005869,test
000243,test
002159,test
000422,test
001801,test
002858,test
008940,test
002129,test
002370,test
004542,test
000046,test
009491,test
009756,test
003817,test
003538,test
003394,test
009380,test
003362,test
002063,test
003990,test
009806,test
009754,test
000349,test
009309,test
001501,test
007450,test
002001,test
003109,test
004520,test
006523,test
000992,test
005876,test
006018,test
001627,test
005942,test
003868,test
007285,test
007264,test
003559,test
006070,test
000536,test
004583,test
006686,test
008017,test
001622,test
009442,test
002531,test
006866,test
008850,test
006078,test
007432,test
006367,test
002222,test
008807,test
009008,test
001592,test
001902,test
008071,test
004986,test
000609,test
000742,test
002290,test
001911,test
006689,test
004951,test
007606,test
001035,test
003626,test
005374,test
000410,test
007724,test
003830,test
001775,test
006086,test
006242,test
004295,test
006038,test
009124,test
002024,test
008791,test
004332,test
000228,test
006464,test
001479,test
005992,test
006511,test
003696,test
002306,test
001233,test
007673,test
001886,test
005549,test
008930,test
007894,test
004210,test
002695,test
004465,test
008221,test
008697,test
005994,test
009384,test
002165,test
003289,test
002877,test
009079,test
005352,test
004835,test
001476,test
002153,test
009935,test
000546,test
007222,test
005061,test
000645,test
001591,test
002240,test
004106,test
003115,test
003588,test
005772,test
009807,test
004689,test
008138,test
000803,test
000132,test
004497,test
009692,test
000359,test
004837,test
004847,test
009960,test
006248,test
003886,test
001747,test
007916,test
006302,test
003263,test
004949,test
007484,test
004097,test
006951,test
004901,test
005661,test
007237,test
001210,test
002588,test
008955,test
004712,test
007622,test
000153,test
004183,test
007529,test
004161,test
007555,test
003804,test
002344,test
008153,test
003945,test
009597,test
001293,test
002868,test
002785,test
002950,test
006751,test
009476,test
004000,test
002385,test
007056,test
006141,test
005873,test
004806,test
000919,test
005314,test
000753,test
000474,test
004906,test
002725,test
007269,test
001646,test
009774,test
007110,test
001480,test
009254,test
004708,test
003846,test
001121,test
000588,test
008864,test
007994,test
005188,test
006226,test
008742,test
005383,test
001315,test
006512,test
005546,test
009827,test
007692,test
001225,test
002529,test
006717,test
002361,test
000251,test
007486,test
008617,test
001633,test
007213,test
001644,test
005439,test
008229,test
009242,test
000606,test
008115,test
002492,test
006325,test
006246,test
009785,test
005213,test
000715,test
006730,test
003826,test
006274,test
003912,test
003090,test
005272,test
007460,test
006180,test
008903,test
009042,test
005446,test
005654,test
007935,test
008824,test
007316,test
002434,test
008022,test
004891,test
004634,test
000042,test
004377,test
008318,test
005568,test
006798,test
009304,test
001143,test
002236,test
008327,test
003122,test
006284,test
002369,test
009031,test
007483,test
003993,test
007736,test
007905,test
006807,test
004479,test
008337,test
004781,test
008165,test
002522,test
001924,test
007560,test
001858,test
009848,test
001527,test
006684,test
009048,test
000224,test
009024,test
005091,test
002594,test
003920,test
000472,test
001989,test
007941,test
007178,test
004719,test
002146,test
008998,test
004375,test
009652,test
000845,test
007242,test
008167,test
005927,test
008494,test
003073,test
000888,test
006770,test
007569,test
008889,test
000018,test
008431,test
006622,test
001899,test
005296,test
004135,test
005153,test
001442,test
007451,test
000601,test
009012,test
006561,test
004722,test
008117,test
006744,test
005403,test
002634,test
001713,test
005260,test
005460,test
006690,test
005700,test
007700,test
001494,test
009226,test
007141,test
002973,test
009973,test
007245,test
008502,test
007708,test
002870,test
009379,test
004415,test
000339,test
009801,test
001496,test
000423,test
004102,test
009323,test
007078,test
009618,test
001317,test
007172,test
008090,test
008847,test
008199,test
004460,test
006594,test
004982,test
007679,test
002037,test
007195,test
004728,test
005039,test
002718,test
000977,test
009929,test
002330,test
004352,test
002441,test
003683,test
008922,test
001880,test
009488,test
003241,test
004334,test
003824,test
001166,test
007438,test
004632,test
004720,test
003792,test
000534,test
004771,test
007699,test
009211,test
006693,test
000043,test
002564,test
001229,test
009043,test
002847,test
003929,test
002573,test
001330,test
004335,test
003457,test
003404,test
001625,test
000986,test
005003,test
007025,test
004871,test
007253,test
007381,test
009497,test
008561,test
003697,test
006818,test
009143,test
001940,test
004066,test
001395,test
009527,test
009221,test
002444,test
002485,test
000878,test
001213,test
008056,test
006565,test
001070,test
001869,test
007827,test
004136,test
000841,test
003020,test
005582,test
007216,test
007843,test
007690,test
004658,test
000200,test
001680,test
008042,test
009372,test
004786,test
009066,test
000893,test
000745,test
004494,test
002073,test
009409,test
000231,test
004952,test
002939,test
005912,test
003727,test
004853,test
003180,test
001647,test
004636,test
008595,test
004530,test
007933,test
003545,test
003138,test
003033,test
008779,test
001958,test
005169,test
003155,test
001976,test
003777,test
004118,test
005023,test
004438,test
007434,test
005764,test
005419,test
009017,test
006971,test
005632,test
008698,test
009068,test
007753,test
006046,test
005016,test
003986,test
006625,test
003630,test
004820,test
001524,test
000282,test
007342,test
008041,test
007800,test
003937,test
009096,test
009649,test
009611,test
003954,test
001402,test
003130,test
008464,test
000166,test
009106,test
004526,test
004581,test
005576,test
004232,test
005813,test
003475,test
007988,test
002979,test
005325,test
008098,test
000470,test
005511,test
009741,test
007613,test
003995,test
007385,test
004569,test
001419,test
004022,test
005280,test
004397,test
007136,test
007616,test
007921,test
008817,test
004425,test
008548,test
002885,test
007135,test
002506,test
007532,test
005934,test
007102,test
001729,test
008031,test
006882,test
000207,test
005590,test
008289,test
001129,test
006071,test
007018,test
008728,test
005688,test
000672,test
009272,test
001983,test
004941,test
001669,test
003978,test
001245,test
003249,test
006498,test
006149,test
005111,test
000420,test
009598,test
005096,test
002683,test
009872,test
002749,test
006043,test
004198,test
007619,test
003571,test
009240,test
001874,test
007758,test
002068,test
003908,test
002496,test
000333,test
003266,test
004051,test
000508,test
000659,test
001124,test
003673,test
005733,test
000853,test
009851,test
000317,test
007705,test
001341,test
004133,test
006906,test
004558,test
009397,test
005529,test
005355,test
007449,test
003467,test
005363,test
009534,test
004262,test
000823,test
002977,test
007564,test
002223,test
007022,test
001375,test
000444,test
009246,test
006455,test
000441,test
009927,test
002091,test
007657,test
002704,test
006624,test
005507,test
006371,test
000475,test
009747,test
007140,test
004471,test
003595,test
007999,test
003613,test
008947,test
008818,test
006865,test
006389,test
004892,test
005763,test
000096,test
007814,test
006232,test
000320,test
006381,test
006883,test
003388,test
001020,test
006812,test
007633,test
008890,test
005421,test
006678,test
006797,test
001052,test
003505,test
002503,test
006275,test
003788,test
002471,test
002267,test
001320,test
008849,test
005238,test
005502,test
004451,test
003841,test
004681,test
001269,test
007206,test
004499,test
003919,test
007939,test
008540,test
004543,test
004050,test
004246,test
007373,test
007777,test
002607,test
007305,test
008976,test
006991,test
008270,test
007251,test
005198,test
009157,test
008702,test
007612,test
002184,test
007478,test
001988,test
004082,test
009132,test
000822,test
007611,test
008486,test
002881,test
003585,test
006965,test
001746,test
000090,test
002417,test
003997,test
006547,test
008099,test
006291,test
003185,test
009431,test
006790,test
007461,test
001193,test
007784,test
004011,test
000757,test
000400,test
002414,test
003262,test
003680,test
005085,test
003848,test
001530,test
005491,test
008445,test
004649,test
001389,test
002780,test
007752,test
008375,test
003501,test
007244,test
007238,test
007618,test
005279,test
009502,test
007043,test
003443,test
004700,test
004978,test
000006,test
008977,test
006653,test
004930,test
009324,test
002851,test
006211,test
006888,test
003143,test
002085,test
009083,test
004844,test
006592,test
005344,test
006691,test
005067,test
008308,test
004920,test
002041,test
005143,test
005409,test
001146,test
007066,test
005967,test
003228,test
008821,test
008518,test
000027,test
007144,test
000727,test
004173,test
003114,test
009446,test
006311,test
001894,test
008379,test
007149,test
005139,test
005663,test
007119,test
001776,test
000626,test
004349,test
009512,test
002925,test
004279,test
001889,test
000452,test
005425,test
009954,test
006548,test
008346,test
005753,test
004573,test
001137,test
004564,test
005378,test
006528,test
003164,test
000387,test
003652,test
003728,test
005000,test
005728,test
007541,test
003269,test
003644,test
007711,test
000634,test
006267,test
001771,test
002608,test
009870,test
004065,test
006745,test
005442,test
002938,test
000406,test
006755,test
002900,test
002662,test
003878,test
002532,test
009748,test
009173,test
005794,test
001684,test
004088,test
003441,test
005862,test
000653,test
005974,test
005050,test
000685,test
002088,test
007041,test
002426,test
009052,test
009543,test
006049,test
000590,test
008938,test
002442,test
001232,test
009844,test
000158,test
009189,test
007007,test
009038,test
007239,test
002647,test
004291,test
002143,test
005464,test
000058,test
000722,test
004533,test
009778,test
001512,test
000832,test
004114,test
008004,test
008280,test
004325,test
003335,test
005617,test
003450,test
004616,test
004462,test
002546,test
009874,test
001753,test
001891,test
009957,test
002200,test
001697,test
004905,test
009086,test
000128,test
008666,test
004956,test
008900,test
007179,test
002584,test
004669,test
006054,test
004002,test
001127,test
005718,test
002170,test
009738,test
008288,test
003492,test
008808,test
001200,test
001638,test
009224,test
007508,test
000152,test
001188,test
005180,test
007491,test
004915,test
002144,test
006484,test
004351,test
003910,test
005147,test
003346,test
004272,test
005183,test
008565,test
009260,test
009562,test
006868,test
001343,test
000651,test
009485,test
004033,test
009333,test
001964,test
006615,test
003853,test
001113,test
001122,test
003044,test
001312,test
008320,test
000931,test
002579,test
008701,test
008238,test
007811,test
009571,test
000821,test
000936,test
005138,test
000998,test
008883,test
009489,test
000958,test
003566,test
004861,test
003111,test
002536,test
007973,test
009105,test
006930,test
004673,test
007454,test
004345,test
006396,test
000035,test
006209,test
002697,test
000960,test
006570,test
003502,test
007886,test
007956,test
006658,test
002724,test
003872,test
001528,test
000241,test
008856,test
000828,test
001604,test
009016,test
007260,test
001235,test
004092,test
007579,test
004563,test
003006,test
009989,test
002296,test
007350,test
008786,test
003116,test
003139,test
004073,test
001790,test
005559,test
006596,test
000993,test
001612,test
000887,test
007651,test
006735,test
006939,test
005804,test
007062,test
001588,test
001545,test
003119,test
006669,test
007749,test
003981,test
007744,test
009440,test
009355,test
002167,test
008834,test
003510,test
007953,test
004562,test
003899,test
008423,test
001160,test
005413,test
000514,test
001104,test
003750,test
000964,test
001163,test
000117,test
003608,test
009641,test
003770,test
009075,test
009638,test
000344,test
005539,test
001049,test
003681,test
004061,test
001982,test
007397,test
008479,test
007177,test
006118,test
006537,test
005107,test
003295,test
008835,test
003470,test
006932,test
008645,test
004342,test
002705,test
009007,test
007787,test
002103,test
002060,test
008727,test
001133,test
007962,test
001403,test
001290,test
009295,test
003946,test
000949,test
003923,test
005038,test
005947,test
001832,test
000319,test
008005,test
005310,test
009813,test
000009,test
008689,test
008837,test
002646,test
006126,test
009885,test
003258,test
009859,test
004889,test
001743,test
008317,test
002927,test
008201,test
004315,test
000053,test
007433,test
002591,test
007123,test
004808,test
001827,test
005573,test
004371,test
008797,test
001876,test
000188,test
009064,test
004119,test
008669,test
007668,test
009763,test
006252,test
006304,test
001040,test
009771,test
006916,test
002621,test
002504,test
001796,test
000771,test
001489,test
008085,test
008348,test
002266,test
003593,test
005930,test
006543,test
009560,test
007019,test
009577,test
004304,test
008830,test
009197,test
004040,test
002287,test
004339,test
002340,test
007517,test
006482,test
008179,test
003483,test
005155,test
009292,test
003456,test
001084,test
004386,test
006572,test
005168,test
000525,test
003752,test
000916,test
005313,test
003598,test
009125,test
004422,test
006216,test
007573,test
002677,test
004010,test
008751,test
002803,test
001169,test
004374,test
003432,test
005820,test
006065,test
002664,test
005977,test
007428,test
004554,test
006227,test
001654,test
003814,test
001307,test
004741,test
003733,test
000750,test
001139,test
003150,test
009459,test
005925,test
004803,test
009044,test
001291,test
006201,test
002045,test
008785,test
007527,test
000711,test
004333,test
009891,test
005635,test
005881,test
001584,test
006224,test
001519,test
001674,test
005514,test
003527,test
002547,test
004552,test
005574,test
006924,test
002615,test
000106,test
004557,test
009654,test
007359,test
003611,test
006873,test
008928,test
003257,test
009195,test
000434,test
009863,test
008279,test
003811,test
003582,test
001535,test
000488,test
000520,test
006912,test
009674,test
001424,test
008935,test
001679,test
002286,test
003657,test
004012,test
004506,test
000409,test
001824,test
